Workbook

Sheet Crude_Oil_Impact
A1: Country | B1: ISO3 | C1: Crude Oil (Mbbl) | D1: Natural Gas (Mbbl BOE) | E1: Total BOE (Mbbl) | F1: Value @ $10 Change (USD) | G1: Nominal GDP (USD) | H1: Impact (% of GDP) | I1: Data Source
A2: Australia | B2: AUS | C2: 67.4476 | D2: 0 | E2: 67.4476 | F2: 674475814 | G2: 1795492000000 | H2: 0.037565 | I2: WITS
A3: Austria | B3: AUT | C3: 56.2123 | D3: 0.0257 | E3: 56.238 | F3: 562380387 | G3: 523956000000 | H3: 0.107334 | I3: WITS
A4: Bulgaria | B4: BGR | C4: 48.5981 | D4: 0.0019 | E4: 48.6 | F4: 485999961 | G4: 112232000000 | H4: 0.433032 | I4: WITS
A5: Canada | B5: CAN | C5: 170.6321 | D5: 5.7523 | E5: 176.3844 | F5: 1763844244 | G5: 2243637000000 | H5: 0.078615 | I5: WITS
A6: Switzerland | B6: CHE | C6: 18.9607 | D6: 0.0326 | E6: 18.9932 | F6: 189932153 | G6: 938153000000 | H6: 0.020245 | I6: WITS
A7: China | B7: CHN | C7: 4055.1906 | D7: 643.2056 | E7: 4698.3962 | F7: 46983962000 | G7: 18749759000000 | H7: 0.250584 | I7: WITS
A8: Germany | B8: DEU | C8: 575.6762 | D8: 40.2336 | E8: 615.9098 | F8: 6159097740 | G8: 4684182000000 | H8: 0.131487 | I8: WITS
A9: France | B9: FRA | C9: 344.6573 | D9: 173.7473 | E9: 518.4046 | F9: 5184046130 | G9: 3160902000000 | H9: 0.164005 | I9: WITS
A10: India | B10: IND | C10: 1772.0275 | D10: 233.4688 | E10: 2005.4963 | F10: 20054962600 | G10: 3909892000000 | H10: 0.512929 | I10: WITS
A11: Italy | B11: ITA | C11: 399.8141 | D11: 88.9132 | E11: 488.7273 | F11: 4887272770 | G11: 2372059000000 | H11: 0.206035 | I11: WITS
A12: Japan | B12: JPN | C12: 842.6495 | D12: 553.4819 | E12: 1396.1314 | F12: 13961313500 | G12: 4019382000000 | H12: 0.34735 | I12: WITS
A13: South Korea | B13: KOR | C13: 1005.5294 | D13: 389.0704 | E13: 1394.5998 | F13: 13945997600 | G13: 1875388000000 | H13: 0.743633 | I13: WITS
... A30: Vietnam | B30: VNM | C30: 101.2107 | D30: 0 | E30: 101.2107 | F30: 1012107300 | G30: 459472000000 | H30: 0.220276 | I30: UN

Sheet ETF_Timeframes
A1: country_name | B1: country_code | C1: ticker | D1: timeframe | E1: start_date | F1: end_date | G1: etf_return_pct | H1: etf_return_usd_pct | I1: lookup_key | J1: etf_currency
A2: Australia | B2: AUS | C2: SAUS.L | D2: YTD | E2: 46022 | F2: 46098 | G2: 9.926208 | H2: 8.6784885 | I2: Australia|SAUS.L|YTD | J2: GBp
A3: Australia | B3: AUS | C3: SAUS.L | D3: 1 Month | E3: 46070 | F3: 46098 | G3: -0.12975779 | H3: -2.4261624 | I3: Australia|SAUS.L|1 Month | J3: GBp
A4: Australia | B4: AUS | C4: SAUS.L | D4: 3 Months | E4: 46008 | F4: 46098 | G4: 12.278142 | H4: 11.352646 | I4: Australia|SAUS.L|3 Months | J4: GBp
A5: Australia | B5: AUS | C5: SAUS.L | D5: 6 Months | E5: 45917 | F5: 46098 | G5: 10.030975 | H5: 7.2943662 | I5: Australia|SAUS.L|6 Months | J5: GBp
A6: Australia | B6: AUS | C6: SAUS.L | D6: 1 Year | E6: 45733 | F6: 46098 | G6: 21.7827 | H6: 25.39692 | I6: Australia|SAUS.L|1 Year | J6: GBp
A7: Australia | B7: AUS | C7: SAUS.L | D7: 3 Years | E7: 45002 | F7: 46098 | G7: 8.8124411 | H7: 19.628927 | I7: Australia|SAUS.L|3 Years | J7: GBp
A8: Australia | B8: AUS | C8: SAUS.L | D8: 5 Years | E8: 44272 | F8: 46098 | G8: 46.812907 | H8: 40.604717 | I8: Australia|SAUS.L|5 Years | J8: GBp
A9: Australia | B9: AUS | C9: SAUS.L | D9: 10 Years | E9: 42446 | F9: 46098 | G9: 138.47147 | H9: 122.73254 | I9: Australia|SAUS.L|10 Years | J9: GBp
A10: Australia | B10: AUS | C10: SAUS.L | D10: MAX | E10: 40203 | F10: 46098 | G10: 214.69342 | H10: 157.8402 | I10: Australia|SAUS.L|MAX | J10: GBp
A11: Austria | B11: AUT | C11: EWO | D11: YTD | E11: 46022 | F11: 46098 | G11: -1.6915767 | H11: -1.6915767 | I11: Austria|EWO|YTD | J11: USD
A12: Austria | B12: AUT | C12: EWO | D12: 1 Month | E12: 46070 | F12: 46098 | G12: -9.6398062 | H12: -9.6398062 | I12: Austria|EWO|1 Month | J12: USD
A13: Austria | B13: AUT | C13: EWO | D13: 3 Months | E13: 46008 | F13: 46098 | G13: 0.89698364 | H13: 0.89698364 | I13: Austria|EWO|3 Months | J13: USD
... A369: Vietnam | B369: VNM | C369: XFVT.L | D369: MAX | E369: 39818 | F369: 46098 | G369: 20.245659 | H369: 8.7921679 | I369: Vietnam|XFVT.L|MAX | J369: GBp

Sheet Annual
A1: country_name | B1: country_code | C1: ticker | D1: year | E1: etf_return_pct | F1: gdp_real_growth_pct | G1: gdp_nominal_lcu_growth_pct | H1: gdp_nominal_usd_growth_pct | I1: gdp_nominal_usd_minus_etf_growth_pct | J1: lookup_key | K1: country_year_key | L1: etf_currency | M1: etf_return_quote_pct | N1: quote_ccy_vs_usd_pct | O1: quote_ccy_vs_usd_jan1_pct | P1: etf_return_usd_pct | Q1: country_lcu_vs_usd_weo_pct | R1: etf_usd_minus_country_fx_pct | S1: inflation_cpi_pct | T1: usa_inflation_cpi_pct | U1: inflation_cpi_diff | V1: gdp_current_usd
A2: Australia | B2: AUS | C2: SAUS.L | D2: 2015 | E2: -5.4406823 | F2: 2.34 | J2: Australia|SAUS.L|2015 | K2: Australia|2015 | L2: GBp | M2: -5.4406823 | N2: -4.8888559 | O2: -5.4075152 | P2: -10.063551 | S2: 1.485 | T2: 0.121 | U2: 1.364 | V2: 1233914000000
A3: Australia | B3: AUS | C3: SAUS.L | D3: 2016 | E3: 36.157401 | F3: 2.694 | G3: 3.528437 | H3: 2.328444 | I3: -11.191824 | J3: Australia|SAUS.L|2016 | K3: Australia|2016 | L3: GBp | M3: 36.157401 | N3: -16.625709 | O3: -16.211812 | P3: 13.520268 | Q3: -1.1590944 | R3: 14.851506 | S3: 1.277 | T3: 1.267 | U3: 0.01 | V3: 1262645000000
A4: Australia | B4: AUS | C4: SAUS.L | D4: 2017 | E4: 7.5972447 | F4: 2.38 | G4: 6.117511 | H4: 9.381972 | I4: -7.7283627 | J4: Australia|SAUS.L|2017 | K4: Australia|2017 | L4: GBp | M4: 7.5972447 | N4: 8.8413881 | O4: 9.4504359 | P4: 17.110335 | Q4: 3.0762699 | R4: 13.615224 | S4: 1.995 | T4: 2.131 | U4: -0.136 | V4: 1381106000000
A5: Australia | B5: AUS | C5: SAUS.L | D5: 2018 | E5: -6.9164538 | F5: 2.791 | G5: 5.165909 | H5: 2.610372 | I5: 15.191243 | J5: Australia|SAUS.L|2018 | K5: Australia|2018 | L5: GBp | M5: -6.9164538 | N5: -6.0853042 | O5: -5.7563162 | P5: -12.580871 | Q5: -2.4300059 | R5: -10.403675 | S5: 1.933 | T5: 2.439 | U5: -0.506 | V5: 1417158000000
A6: Australia | B6: AUS | C6: SAUS.L | D6: 2019 | E6: 17.457747 | F6: 1.936 | G6: 5.237084 | H6: -2.178233 | I6: -23.093777 | J6: Australia|SAUS.L|2019 | K6: Australia|2019 | L6: GBp | M6: 17.457747 | N6: 2.9438643 | O6: 4.1180316 | P6: 20.915544 | Q6: -7.0462967 | R6: 30.08147 | S6: 1.566 | T6: 1.813 | U6: -0.247 | V6: 1386289000000
A7: Australia | B7: AUS | C7: SAUS.L | D7: 2020 | E7: 4.6928328 | F7: -1.953 | G7: -0.992052 | H7: -1.704118 | I7: -9.3023845 | J7: Australia|SAUS.L|2020 | K7: Australia|2020 | L7: GBp | M7: 4.6928328 | N7: 2.7751984 | O7: 3.0944746 | P7: 7.5982665 | Q7: -0.71920087 | R7: 8.3777201 | S7: 0.89 | T7: 1.253 | U7: -0.363 | V7: 1362665000000
A8: Australia | B8: AUS | C8: SAUS.L | D8: 2021 | E8: 46.780977 | F8: 5.418 | G8: 11.597189 | H8: 21.514679 | I8: -23.391581 | J8: Australia|SAUS.L|2021 | K8: Australia|2021 | L8: GBp | M8: 46.780977 | N8: -1.2772205 | O8: -1.1023431 | P8: 44.90626 | Q8: 8.886864 | R8: 33.079653 | S8: 2.82 | T8: 4.679 | U8: -1.859 | V8: 1655838000000
A9: Australia | B9: AUS | C9: SAUS.L | D9: 2022 | E9: -7.3073181 | F9: 4.132 | G9: 12.723343 | H9: 4.203008 | I9: 21.559183 | J9: Australia|SAUS.L|2022 | K9: Australia|2022 | L9: GBp | M9: -7.3073181 | N9: -10.841047 | O9: -10.367729 | P9: -17.356175 | Q9: -7.558625 | R9: -10.598664 | S9: 6.657 | T9: 7.993 | U9: -1.336 | V9: 1725433000000
A10: Australia | B10: AUS | C10: SAUS.L | D10: 2023 | E10: 15.337351 | F10: 2.066 | G10: 5.55426 | H10: 0.978189 | I10: -20.198727 | J10: Australia|SAUS.L|2023 | K10: Australia|2023 | L10: GBp | M10: 15.337351 | N10: 5.0630307 | O10: 5.030131 | P10: 21.176916 | Q10: -4.3352781 | R10: 26.668341 | S10: 5.594 | T10: 4.128 | U10: 1.466 | V10: 1742311000000
A11: Australia | B11: AUS | C11: SAUS.L | D11: 2024 | E11: -18.614941 | F11: 1.023 | G11: 3.792081 | H11: 3.052325 | I11: 22.823792 | J11: Australia|SAUS.L|2024 | K11: Australia|2024 | L11: GBp | M11: -18.614941 | N11: -1.4210535 | O11: -1.6555391 | P11: -19.771467 | Q11: -0.71272876 | R11: -19.19555 | S11: 3.197 | T11: 2.952 | U11: 0.245 | V11: 1795492000000
A12: Australia | B12: AUS | C12: SAUS.L | D12: 2025 | E12: 4.2173158 | F12: 1.809 | G12: 4.803761 | H12: 1.894523 | I12: -10.214055 | J12: Australia|SAUS.L|2025 | K12: Australia|2025 | L12: GBp | M12: 4.2173158 | N12: 7.5719296 | O12: 7.6233774 | P12: 12.108578 | Q12: -2.7758914 | R12: 15.309442 | S12: 2.576 | T12: 2.715 | U12: -0.139 | V12: 1829508000000
A13: Australia | B13: AUS | C13: SAUS.L | D13: 2026 | E13: 10.425634 | F13: 2.149 | G13: 5.21892 | H13: 6.489122 | I13: -2.1252198 | J13: Australia|SAUS.L|2026 | K13: Australia|2026 | L13: GBp | M13: 10.425634 | N13: -1.6402821 | P13: 8.6143418 | Q13: 1.2071988 | R13: 7.3187906 | S13: 3.024 | T13: 2.435 | U13: 0.589 | V13: 1948227000000
A14: Australia | B14: AUS | C14: SAUS.L | D14: 2027 | F14: 2.153 | G14: 4.462846 | H14: 4.507996 | J14: Australia|SAUS.L|2027 | K14: Australia|2027 | L14: GBp | Q14: 0.043221438 | S14: 2.612 | T14: 2.185 | U14: 0.427 | V14: 2036053000000
A15: Australia | B15: AUS | C15: SAUS.L | D15: 2028 | F15: 2.225 | G15: 4.426395 | H15: 4.71304 | J15: Australia|SAUS.L|2028 | K15: Australia|2028 | L15: GBp | Q15: 0.27449505 | S15: 2.544 | T15: 2.206 | U15: 0.338 | V15: 2132013000000
A16: Australia | B16: AUS | C16: SAUS.L | D16: 2029 | F16: 2.248 | G16: 4.430086 | H16: 4.520282 | J16: Australia|SAUS.L|2029 | K16: Australia|2029 | L16: GBp | Q16: 0.086369819 | S16: 2.526 | T16: 2.203 | U16: 0.323 | V16: 2228386000000
A17: Austria | B17: AUT | C17: EWO | D17: 2015 | E17: 3.3813507 | F17: 1.303 | J17: Austria|EWO|2015 | K17: Austria|2015 | L17: USD | M17: 3.3813507 | N17: 0 | O17: 0 | P17: 3.3813507 | S17: 0.81 | T17: 0.121 | U17: 0.689 | V17: 379584000000
A18: Austria | B18: AUT | C18: EWO | D18: 2016 | E18: 9.1748425 | F18: 2.117 | G18: 3.97037 | H18: 3.686931 | I18: -5.4879115 | J18: Austria|EWO|2016 | K18: Austria|2016 | L18: USD | M18: 9.1748425 | N18: 0 | O18: 0 | P18: 9.1748425 | Q18: -0.27261507 | R18: 9.4732832 | S18: 0.973 | T18: 1.267 | U18: -0.294 | V18: 393579000000
A19: Austria | B19: AUT | C19: EWO | D19: 2017 | E19: 50.19609 | F19: 2.272 | G19: 3.269641 | H19: 5.38672 | I19: -44.80937 | J19: Austria|EWO|2017 | K19: Austria|2017 | L19: USD | M19: 50.19609 | N19: 0 | O19: 0 | P19: 50.19609 | Q19: 2.0500504 | R19: 47.178849 | S19: 2.228 | T19: 2.131 | U19: 0.097 | V19: 414780000000
A20: Austria | B20: AUT | C20: EWO | D20: 2018 | E20: -24.171691 | F20: 2.484 | G20: 4.339564 | H20: 9.163171 | I20: 33.334862 | J20: Austria|EWO|2018 | K20: Austria|2018 | L20: USD | M20: -24.171691 | N20: 0 | O20: 0 | P20: -24.171691 | Q20: 4.6229897 | R20: -27.522327 | S20: 2.122 | T20: 2.439 | U20: -0.317 | V20: 452787000000
A21: Austria | B21: AUT | C21: EWO | D21: 2019 | E21: 17.17948 | F21: 1.755 | G21: 3.254669 | H21: -2.154214 | I21: -19.333694 | J21: Austria|EWO|2019 | K21: Austria|2019 | L21: USD | M21: 17.17948 | N21: 0 | O21: 0 | P21: 17.17948 | Q21: -5.238391 | R21: 23.657123 | S21: 1.493 | T21: 1.813 | U21: -0.32 | V21: 443033000000
A22: Austria | B22: AUT | C22: EWO | D22: 2020 | E22: -4.9541929 | F22: -6.318 | G22: -3.888989 | H22: -2.027614 | I22: 2.9265789 | J22: Austria|EWO|2020 | K22: Austria|2020 | L22: USD | M22: -4.9541929 | N22: 0 | O22: 0 | P22: -4.9541929 | Q22: 1.9366921 | R22: -6.7599653 | S22: 1.392 | T22: 1.253 | U22: 0.139 | V22: 434050000000
A23: Austria | B23: AUT | C23: EWO | D23: 2021 | E23: 30.056737 | F23: 4.795 | G23: 6.813772 | H23: 10.767423 | I23: -19.289314 | J23: Austria|EWO|2021 | K23: Austria|2021 | L23: USD | M23: 30.056737 | N23: 0 | O23: 0 | P23: 30.056737 | Q23: 3.7014436 | R23: 25.414587 | S23: 2.76 | T23: 4.679 | U23: -1.919 | V23: 480786000000
A24: Austria | B24: AUT | C24: EWO | D24: 2022 | E24: -22.068245 | F24: 5.278 | G24: 10.283533 | H24: -1.797265 | I24: 20.27098 | J24: Austria|EWO|2022 | K24: Austria|2022 | L24: USD | M24: -22.068245 | N24: 0 | O24: 0 | P24: -22.068245 | Q24: -10.954308 | R24: -12.481162 | S24: 8.619 | T24: 7.993 | U24: 0.626 | V24: 472145000000
A25: Austria | B25: AUT | C25: EWO | D25: 2023 | E25: 18.994448 | F25: -0.955 | G25: 5.629376 | H25: 8.405892 | I25: -10.588556 | J25: Austria|EWO|2023 | K25: Austria|2023 | L25: USD | M25: 18.994448 | N25: 0 | O25: 0 | P25: 18.994448 | Q25: 2.6285452 | R25: 15.946736 | S25: 7.712 | T25: 4.128 | U25: 3.584 | V25: 511833000000
A26: Austria | B26: AUT | C26: EWO | D26: 2024 | E26: 5.6270366 | F26: -0.989 | G26: 2.323621 | H26: 2.368546 | I26: -3.2584906 | J26: Austria|EWO|2024 | K26: Austria|2024 | L26: USD | M26: 5.6270366 | N26: 0 | O26: 0 | P26: 5.6270366 | Q26: 0.043905212 | R26: 5.5806812 | S26: 2.918 | T26: 2.952 | U26: -0.034 | V26: 523956000000
A27: Austria | B27: AUT | C27: EWO | D27: 2025 | E27: 76.723253 | F27: 0.27 | G27: 3.565712 | H27: 8.111368 | I27: -68.611885 | J27: Austria|EWO|2025 | K27: Austria|2025 | L27: USD | M27: 76.723253 | N27: 0 | O27: 0 | P27: 76.723253 | Q27: 4.3891511 | R27: 69.292739 | S27: 3.562 | T27: 2.715 | U27: 0.847 | V27: 566456000000
A28: Austria | B28: AUT | C28: EWO | D28: 2026 | E28: -2.5705559 | F28: 0.764 | G28: 3.229582 | H28: 6.66283 | I28: 9.2333859 | J28: Austria|EWO|2026 | K28: Austria|2026 | L28: USD | M28: -2.5705559 | N28: 0 | O28: 0 | P28: -2.5705559 | Q28: 3.325837 | R28: -5.7066007 | S28: 2.328 | T28: 2.435 | U28: -0.107 | V28: 604198000000
A29: Austria | B29: AUT | C29: EWO | D29: 2027 | F29: 1.56 | G29: 3.823947 | H29: 3.555126 | J29: Austria|EWO|2027 | K29: Austria|2027 | L29: USD | Q29: -0.25892006 | S29: 2.169 | T29: 2.185 | U29: -0.016 | V29: 625678000000
A30: Austria | B30: AUT | C30: EWO | D30: 2028 | F30: 1.305 | G30: 3.441796 | H30: 3.259664 | J30: Austria|EWO|2028 | K30: Austria|2028 | L30: USD | Q30: -0.17607212 | S30: 2.067 | T30: 2.206 | U30: -0.139 | V30: 646073000000
A31: Austria | B31: AUT | C31: EWO | D31: 2029 | F31: 0.991 | G31: 3.238426 | H31: 3.135404 | J31: Austria|EWO|2029 | K31: Austria|2029 | L31: USD | Q31: -0.099790014 | S31: 2.067 | T31: 2.203 | U31: -0.136 | V31: 666330000000
A32: Belgium | B32: BEL | C32: EWK | D32: 2015 | E32: 13.666992 | F32: 1.474 | J32: Belgium|EWK|2015 | K32: Belgium|2015 | L32: USD | M32: 13.666992 | N32: 0 | O32: 0 | P32: 13.666992 | S32: 0.623 | T32: 0.121 | U32: 0.502 | V32: 461091000000
A33: Belgium | B33: BEL | C33: EWK | D33: 2016 | E33: -0.63308974 | F33: 1.193 | G33: 3.111388 | H33: 2.830244 | I33: 3.4633337 | J33: Belgium|EWK|2016 | K33: Belgium|2016 | L33: USD | M33: -0.63308974 | N33: 0 | O33: 0 | P33: -0.63308974 | Q33: -0.27266067 | R33: -0.3614145 | S33: 1.772 | T33: 1.267 | U33: 0.505 | V33: 474141000000
A34: Belgium | B34: BEL | C34: EWK | D34: 2017 | E34: 23.557553 | F34: 1.475 | G34: 3.487083 | H34: 5.608458 | I34: -17.949095 | J34: Belgium|EWK|2017 | K34: Belgium|2017 | L34: USD | M34: 23.557553 | N34: 0 | O34: 0 | P34: 23.557553 | Q34: 2.0498937 | R34: 21.075631 | S34: 2.225 | T34: 2.131 | U34: 0.094 | V34: 500733000000
A35: Belgium | B35: BEL | C35: EWK | D35: 2018 | E35: -20.930096 | F35: 1.878 | G35: 3.627359 | H35: 8.418059 | I35: 29.348155 | J35: Belgium|EWK|2018 | K35: Belgium|2018 | L35: USD | M35: -20.930096 | N35: 0 | O35: 0 | P35: -20.930096 | Q35: 4.6230071 | R35: -24.423981 | S35: 2.308 | T35: 2.439 | U35: -0.131 | V35: 542885000000
A36: Belgium | B36: BEL | C36: EWK | D36: 2019 | E36: 26.618746 | F36: 2.443 | G36: 4.342622 | H36: -1.123258 | I36: -27.742004 | J36: Belgium|EWK|2019 | K36: Belgium|2019 | L36: USD | M36: 26.618746 | N36: 0 | O36: 0 | P36: 26.618746 | Q36: -5.2383963 | R36: 33.618197 | S36: 1.25 | T36: 1.813 | U36: -0.563 | V36: 536787000000
A37: Belgium | B37: BEL | C37: EWK | D37: 2020 | E37: -0.9693278 | F37: -4.793 | G37: -3.273778 | H37: -1.400556 | I37: -0.4312282 | J37: Belgium|EWK|2020 | K37: Belgium|2020 | L37: USD | M37: -0.9693278 | N37: 0 | O37: 0 | P37: -0.9693278 | Q37: 1.9366237 | R37: -2.8507434 | S37: 0.424 | T37: 1.253 | U37: -0.829 | V37: 529269000000
A38: Belgium | B38: BEL | C38: EWK | D38: 2021 | E38: 11.60173 | F38: 6.207 | G38: 9.120647 | H38: 13.159849 | I38: 1.5581186 | J38: Belgium|EWK|2021 | K38: Belgium|2021 | L38: USD | M38: 11.60173 | N38: 0 | O38: 0 | P38: 11.60173 | Q38: 3.7015927 | R38: 7.6181451 | S38: 3.217 | T38: 4.679 | U38: -1.462 | V38: 598920000000
A39: Belgium | B39: BEL | C39: EWK | D39: 2022 | E39: -15.131847 | F39: 4.26 | G39: 11.394791 | H39: -0.807954 | I39: 14.323893 | J39: Belgium|EWK|2022 | K39: Belgium|2022 | L39: USD | M39: -15.131847 | N39: 0 | O39: 0 | P39: -15.131847 | Q39: -10.954503 | R39: -4.6912463 | S39: 10.331 | T39: 7.993 | U39: 2.338 | V39: 594081000000
A40: Belgium | B40: BEL | C40: EWK | D40: 2023 | E40: 7.1457365 | F40: 1.202 | G40: 5.763957 | H40: 8.544121 | I40: 1.3983845 | J40: Belgium|EWK|2023 | K40: Belgium|2023 | L40: USD | M40: 7.1457365 | N40: 0 | O40: 0 | P40: 7.1457365 | Q40: 2.6286502 | R40: 4.4013892 | S40: 2.294 | T40: 4.128 | U40: -1.834 | V40: 644840000000
A41: Belgium | B41: BEL | C41: EWK | D41: 2024 | E41: 1.3173395 | F41: 1.019 | G41: 2.982714 | H41: 3.027883 | I41: 1.7105435 | J41: Belgium|EWK|2024 | K41: Belgium|2024 | L41: USD | M41: 1.3173395 | N41: 0 | O41: 0 | P41: 1.3173395 | Q41: 0.043860733 | R41: 1.2729204 | S41: 4.322 | T41: 2.952 | U41: 1.37 | V41: 664365000000
A42: Belgium | B42: BEL | C42: EWK | D42: 2025 | E42: 35.85671 | F42: 1.065 | G42: 3.381842 | H42: 7.919592 | I42: -27.937118 | J42: Belgium|EWK|2025 | K42: Belgium|2025 | L42: USD | M42: 35.85671 | N42: 0 | O42: 0 | P42: 35.85671 | Q42: 4.3893113 | R42: 30.144273 | S42: 2.571 | T42: 2.715 | U42: -0.144 | V42: 716980000000
A43: Belgium | B43: BEL | C43: EWK | D43: 2026 | E43: 0.98120068 | F43: 0.98 | G43: 2.746913 | H43: 6.16391 | I43: 5.1827093 | J43: Belgium|EWK|2026 | K43: Belgium|2026 | L43: USD | M43: 0.98120068 | N43: 0 | O43: 0 | P43: 0.98120068 | Q43: 3.3256446 | R43: -2.2689855 | S43: 1.266 | T43: 2.435 | U43: -1.169 | V43: 761174000000
A44: Belgium | B44: BEL | C44: EWK | D44: 2027 | F44: 1.261 | G44: 2.789699 | H44: 2.523733 | J44: Belgium|EWK|2027 | K44: Belgium|2027 | L44: USD | Q44: -0.25874788 | S44: 1.881 | T44: 2.185 | U44: -0.304 | V44: 780384000000
A45: Belgium | B45: BEL | C45: EWK | D45: 2028 | F45: 1.196 | G45: 2.953702 | H45: 2.772353 | J45: Belgium|EWK|2028 | K45: Belgium|2028 | L45: USD | Q45: -0.17614637 | S45: 1.999 | T45: 2.206 | U45: -0.207 | V45: 802019000000
A46: Belgium | B46: BEL | C46: EWK | D46: 2029 | F46: 1.264 | G46: 2.886783 | H46: 2.783974 | J46: Belgium|EWK|2029 | K46: Belgium|2029 | L46: USD | Q46: -0.099924606 | S46: 1.91 | T46: 2.203 | U46: -0.293 | V46: 824347000000
A47: Brazil | B47: BRA | C47: XMBR.L | D47: 2015 | E47: -37.883924 | F47: -3.546 | J47: Brazil|XMBR.L|2015 | K47: Brazil|2015 | L47: GBp | M47: -37.883924 | N47: -4.8888559 | O47: -5.4075152 | P47: -40.920689 | S47: 9.03 | T47: 0.121 | U47: 8.909 | V47: 1800046000000
A48: Brazil | B48: BRA | C48: XMBR.L | D48: 2016 | E48: 105.29442 | F48: -3.276 | G48: 4.562203 | H48: -0.190217 | I48: -71.352983 | J48: Brazil|XMBR.L|2016 | K48: Brazil|2016 | L48: GBp | M48: 105.29442 | N48: -16.625709 | O48: -16.211812 | P48: 71.162766 | Q48: -4.5450656 | R48: 79.312643 | S48: 8.74 | T48: 1.267 | U48: 7.473 | V48: 1796622000000
A49: Brazil | B49: BRA | C49: XMBR.L | D49: 2017 | E49: 10.32477 | F49: 1.323 | G49: 5.042838 | H49: 14.85549 | I49: -5.2235208 | J49: Brazil|XMBR.L|2017 | K49: Brazil|2017 | L49: GBp | M49: 10.32477 | N49: 8.8413881 | O49: 9.4504359 | P49: 20.079011 | Q49: 9.3415717 | R49: 9.8200885 | S49: 3.446 | T49: 2.131 | U49: 1.315 | V49: 2063519000000
A50: Brazil | B50: BRA | C50: XMBR.L | D50: 2018 | E50: 2.4432185 | F50: 1.784 | G50: 6.357351 | H50: -7.103642 | I50: -3.312879 | J50: Brazil|XMBR.L|2018 | K50: Brazil|2018 | L50: GBp | M50: 2.4432185 | N50: -6.0853042 | O50: -5.7563162 | P50: -3.790763 | Q50: -12.656382 | R50: 10.150277 | S50: 3.665 | T50: 2.439 | U50: 1.226 | V50: 1916934000000
A51: Brazil | B51: BRA | C51: XMBR.L | D51: 2019 | E51: 13.683793 | F51: 1.221 | G51: 5.496606 | H51: -2.276969 | I51: -19.307459 | J51: Brazil|XMBR.L|2019 | K51: Brazil|2019 | L51: GBp | M51: 13.683793 | N51: 2.9438643 | O51: 4.1180316 | P51: 17.03049 | Q51: -7.3685545 | R51: 26.339916 | S51: 3.733 | T51: 1.813 | U51: 1.92 | V51: 1873286000000
A52: Brazil | B52: BRA | C52: XMBR.L | D52: 2020 | E52: -23.383141 | F52: -3.277 | G52: 2.983653 | H52: -21.203062 | I52: 0.053809518 | J52: Brazil|XMBR.L|2020 | K52: Brazil|2020 | L52: GBp | M52: -23.383141 | N52: 2.7751984 | O52: 3.0944746 | P52: -21.256872 | Q52: -23.485975 | R52: 2.9133268 | S52: 3.212 | T52: 1.253 | U52: 1.959 | V52: 1476092000000
A53: Brazil | B53: BRA | C53: XMBR.L | D53: 2021 | E53: -16.786248 | F53: 4.763 | G53: 18.431265 | H53: 13.180615 | I53: 31.029686 | J53: Brazil|XMBR.L|2021 | K53: Brazil|2021 | L53: GBp | M53: -16.786248 | N53: -1.2772205 | O53: -1.1023431 | P53: -17.849071 | Q53: -4.4335002 | R53: -14.037943 | S53: 8.302 | T53: 4.679 | U53: 3.623 | V53: 1670650000000
A54: Brazil | B54: BRA | C54: XMBR.L | D54: 2022 | E54: 29.692706 | F54: 3.017 | G54: 11.845508 | H54: 16.831712 | I54: 1.1990528 | J54: Brazil|XMBR.L|2022 | K54: Brazil|2022 | L54: GBp | M54: 29.692706 | N54: -10.841047 | O54: -10.367729 | P54: 15.632659 | Q54: 4.4581176 | R54: 10.697629 | S54: 9.28 | T54: 7.993 | U54: 1.287 | V54: 1951849000000
A55: Brazil | B55: BRA | C55: XMBR.L | D55: 2023 | E55: 32.016226 | F55: 3.242 | G55: 8.56841 | H55: 12.259555 | I55: -26.440693 | J55: Brazil|XMBR.L|2023 | K55: Brazil|2023 | L55: GBp | M55: 32.016226 | N55: 5.0630307 | O55: 5.030131 | P55: 38.700248 | Q55: 3.3998329 | R55: 34.139722 | S55: 4.594 | T55: 4.128 | U55: 0.466 | V55: 2191137000000
A56: Brazil | B56: BRA | C56: XMBR.L | D56: 2024 | E56: -28.086667 | F56: 3.396 | G56: 7.322853 | H56: -0.535065 | I56: 28.573529 | J56: Brazil|XMBR.L|2024 | K56: Brazil|2024 | L56: GBp | M56: -28.086667 | N56: -1.4210535 | O56: -1.6555391 | P56: -29.108594 | Q56: -7.3217563 | R56: -23.508039 | S56: 4.367 | T56: 2.952 | U56: 1.415 | V56: 2179413000000
A57: Brazil | B57: BRA | C57: XMBR.L | D57: 2025 | E57: 35.961749 | F57: 2.4 | G57: 7.880595 | H57: 3.555866 | I57: -42.700811 | J57: Brazil|XMBR.L|2025 | K57: Brazil|2025 | L57: GBp | M57: 35.961749 | N57: 7.5719296 | O57: 7.6233774 | P57: 46.256677 | Q57: -4.0088115 | R57: 52.364691 | S57: 5.187 | T57: 2.715 | U57: 2.472 | V57: 2256910000000
A58: Brazil | B58: BRA | C58: XMBR.L | D58: 2026 | E58: 16.505747 | F58: 1.942 | G58: 6.700485 | H58: 1.585353 | I58: -13.009371 | J58: Brazil|XMBR.L|2026 | K58: Brazil|2026 | L58: GBp | M58: 16.505747 | N58: -1.6402821 | P58: 14.594724 | Q58: -4.7939159 | R58: 20.364917 | S58: 3.972 | T58: 2.435 | U58: 1.537 | V58: 2292690000000
A59: Brazil | B59: BRA | C59: XMBR.L | D59: 2027 | F59: 2.238 | G59: 5.874713 | H59: 5.251124 | J59: Brazil|XMBR.L|2027 | K59: Brazil|2027 | L59: GBp | Q59: -0.58898731 | S59: 3.273 | T59: 2.185 | U59: 1.088 | V59: 2413082000000
A60: Brazil | B60: BRA | C60: XMBR.L | D60: 2028 | F60: 2.305 | G60: 5.843442 | H60: 5.082463 | J60: Brazil|XMBR.L|2028 | K60: Brazil|2028 | L60: GBp | Q60: -0.71896677 | S60: 2.929 | T60: 2.206 | U60: 0.723 | V60: 2535726000000
A61: Brazil | B61: BRA | C61: XMBR.L | D61: 2029 | F61: 2.432 | G61: 5.973718 | H61: 5.326482 | J61: Brazil|XMBR.L|2029 | K61: Brazil|2029 | L61: GBp | Q61: -0.61075091 | S61: 2.932 | T61: 2.203 | U61: 0.729 | V61: 2670791000000
A62: Canada | B62: CAN | C62: CSCA.L | D62: 2015 | E62: -20.185762 | F62: 0.65 | J62: Canada|CSCA.L|2015 | K62: Canada|2015 | L62: GBp | M62: -20.185762 | N62: -4.8888559 | O62: -5.4075152 | P62: -24.087765 | S62: 1.125 | T62: 0.121 | U62: 1.004 | V62: 1556508000000
A63: Canada | B63: CAN | C63: CSCA.L | D63: 2016 | E63: 52.574967 | F63: 1.039 | G63: 1.763127 | H63: -1.831793 | I63: -29.040091 | J63: Canada|CSCA.L|2016 | K63: Canada|2016 | L63: GBp | M63: 52.574967 | N63: -16.625709 | O63: -16.211812 | P63: 27.208298 | Q63: -3.5326347 | R63: 31.866666 | S63: 1.429 | T63: 1.267 | U63: 0.162 | V63: 1527996000000
A64: Canada | B64: CAN | C64: CSCA.L | D64: 2017 | E64: 4.6955597 | F64: 3.034 | G64: 5.682746 | H64: 7.936539 | I64: -6.0155614 | J64: Canada|CSCA.L|2017 | K64: Canada|2017 | L64: GBp | M64: 4.6955597 | N64: 8.8413881 | O64: 9.4504359 | P64: 13.9521 | Q64: 2.1326031 | R64: 11.572698 | S64: 1.597 | T64: 2.131 | U64: -0.534 | V64: 1649266000000
A65: Canada | B65: CAN | C65: CSCA.L | D65: 2018 | E65: -11.891395 | F65: 2.743 | G65: 4.439511 | H65: 4.610172 | I65: 21.863244 | J65: Canada|CSCA.L|2018 | K65: Canada|2018 | L65: GBp | M65: -11.891395 | N65: -6.0853042 | O65: -5.7563162 | P65: -17.253072 | Q65: 0.16340626 | R65: -17.388065 | S65: 2.268 | T65: 2.439 | U65: -0.171 | V65: 1725300000000
A66: Canada | B66: CAN | C66: CSCA.L | D66: 2019 | E66: 20.076515 | F66: 1.908 | G66: 3.48387 | H66: 1.06793 | I66: -22.543474 | J66: Canada|CSCA.L|2019 | K66: Canada|2019 | L66: GBp | M66: 20.076515 | N66: 2.9438643 | O66: 4.1180316 | P66: 23.611404 | Q66: -2.3346047 | R66: 26.566225 | S66: 1.949 | T66: 1.813 | U66: 0.136 | V66: 1743725000000
A67: Canada | B67: CAN | C67: CSCA.L | D67: 2020 | E67: 1.6815455 | F67: -5.038 | G67: -4.02133 | H67: -5.048961 | I67: -9.5523711 | J67: Canada|CSCA.L|2020 | K67: Canada|2020 | L67: GBp | M67: 1.6815455 | N67: 2.7751984 | O67: 3.0944746 | P67: 4.5034101 | Q67: -1.0706873 | R67: 5.6344244 | S67: 0.717 | T67: 1.253 | U67: -0.536 | V67: 1655685000000
A68: Canada | B68: CAN | C68: CSCA.L | D68: 2021 | E68: 25.513088 | F68: 5.951 | G68: 14.198927 | H68: 22.147752 | I68: -1.7622569 | J68: Canada|CSCA.L|2021 | K68: Canada|2021 | L68: GBp | M68: 25.513088 | N68: -1.2772205 | O68: -1.1023431 | P68: 23.910009 | Q68: 6.9605075 | R68: 15.846504 | S68: 3.395 | T68: 4.679 | U68: -1.284 | V68: 2022382000000
A69: Canada | B69: CAN | C69: CSCA.L | D69: 2022 | E69: -1.8924303 | F69: 4.189 | G69: 12.426838 | H69: 8.30847 | I69: 20.836788 | J69: Canada|CSCA.L|2022 | K69: Canada|2022 | L69: GBp | M69: -1.8924303 | N69: -10.841047 | O69: -10.367729 | P69: -12.528318 | Q69: -3.6631541 | R69: -9.2022568 | S69: 6.779 | T69: 7.993 | U69: -1.214 | V69: 2190411000000
A70: Canada | B70: CAN | C70: CSCA.L | D70: 2023 | E70: 7.8016852 | F70: 1.529 | G70: 2.906761 | H70: -0.779351 | I70: -14.039069 | J70: Canada|CSCA.L|2023 | K70: Canada|2023 | L70: GBp | M70: 7.8016852 | N70: 5.0630307 | O70: 5.030131 | P70: 13.259718 | Q70: -3.5819921 | R70: 17.46739 | S70: 3.885 | T70: 4.128 | U70: -0.243 | V70: 2173340000000
A71: Canada | B71: CAN | C71: CSCA.L | D71: 2024 | E71: 13.720849 | F71: 1.555 | G71: 4.722051 | H71: 3.234515 | I71: -8.8703002 | J71: Canada|CSCA.L|2024 | K71: Canada|2024 | L71: GBp | M71: 13.720849 | N71: -1.4210535 | O71: -1.6555391 | P71: 12.104815 | Q71: -1.4204613 | R71: 13.720166 | S71: 2.398 | T71: 2.952 | U71: -0.554 | V71: 2243637000000
A72: Canada | B72: CAN | C72: CSCA.L | D72: 2025 | E72: 24.9257 | F72: 1.153 | G72: 3.577136 | H72: 1.781126 | I72: -32.60386 | J72: Canada|CSCA.L|2025 | K72: Canada|2025 | L72: GBp | M72: 24.9257 | N72: 7.5719296 | O72: 7.6233774 | P72: 34.384986 | Q72: -1.7339833 | R72: 36.756318 | S72: 1.963 | T72: 2.715 | U72: -0.752 | V72: 2283599000000
A73: Canada | B73: CAN | C73: CSCA.L | D73: 2026 | E73: 4.9704915 | F73: 1.541 | G73: 4.015086 | H73: 6.009724 | I73: 2.7610447 | J73: Canada|CSCA.L|2026 | K73: Canada|2026 | L73: GBp | M73: 4.9704915 | N73: -1.6402821 | P73: 3.2486793 | Q73: 1.9176429 | R73: 1.3059921 | S73: 2.03 | T73: 2.435 | U73: -0.405 | V73: 2420837000000
A74: Canada | B74: CAN | C74: CSCA.L | D74: 2027 | F74: 1.88 | G74: 4.214841 | H74: 4.909211 | J74: Canada|CSCA.L|2027 | K74: Canada|2027 | L74: GBp | Q74: 0.66628708 | S74: 2.09 | T74: 2.185 | U74: -0.095 | V74: 2539681000000
A75: Canada | B75: CAN | C75: CSCA.L | D75: 2028 | F75: 1.685 | G75: 3.77034 | H75: 4.453473 | J75: Canada|CSCA.L|2028 | K75: Canada|2028 | L75: GBp | Q75: 0.65831236 | S75: 1.966 | T75: 2.206 | U75: -0.24 | V75: 2652785000000
A76: Canada | B76: CAN | C76: CSCA.L | D76: 2029 | F76: 1.731 | G76: 3.803984 | H76: 4.493278 | J76: Canada|CSCA.L|2029 | K76: Canada|2029 | L76: GBp | Q76: 0.66403388 | S76: 1.945 | T76: 2.203 | U76: -0.258 | V76: 2771982000000
A77: China | B77: CHN | C77: IASH.L | D77: 2015 | E77: -45.523255 | F77: 7.018 | J77: China|IASH.L|2015 | K77: China|2015 | L77: GBp | M77: -45.523255 | N77: -4.8888559 | O77: -5.4075152 | P77: -48.186544 | S77: 1.462 | T77: 0.121 | U77: 1.341 | V77: 11307226000000
A78: China | B78: CHN | C78: IASH.L | D78: 2016 | E78: 7.1925776 | F78: 6.776 | G78: 8.025846 | H78: 1.245018 | I78: 11.873966 | J78: China|IASH.L|2016 | K78: China|2016 | L78: GBp | M78: 7.1925776 | N78: -16.625709 | O78: -16.211812 | P78: -10.628948 | Q78: -6.2770427 | R78: -4.6433718 | S78: 2.004 | T78: 1.267 | U78: 0.737 | V78: 11448003000000
A79: China | B79: CHN | C79: IASH.L | D79: 2017 | E79: 16.938337 | F79: 6.891 | G79: 11.094741 | H79: 9.218167 | I79: -18.059142 | J79: China|IASH.L|2017 | K79: China|2017 | L79: GBp | M79: 16.938337 | N79: 8.8413881 | O79: 9.4504359 | P79: 27.277309 | Q79: -1.6891658 | R79: 29.464173 | S79: 1.569 | T79: 2.131 | U79: -0.562 | V79: 12503299000000
A80: China | B80: CHN | C80: IASH.L | D80: 2018 | E80: -23.359464 | F80: 6.759 | G80: 10.474274 | H80: 12.857919 | I80: 40.881193 | J80: China|IASH.L|2018 | K80: China|2018 | L80: GBp | M80: -23.359464 | N80: -6.0853042 | O80: -5.7563162 | P80: -28.023274 | Q80: 2.1576469 | R80: -29.543477 | S80: 2.091 | T80: 2.439 | U80: -0.348 | V80: 14110963000000
A81: China | B81: CHN | C81: IASH.L | D81: 2019 | E81: 30.095381 | F81: 6.065 | G81: 7.834508 | H81: 3.270131 | I81: -30.655081 | J81: China|IASH.L|2019 | K81: China|2019 | L81: GBp | M81: 30.095381 | N81: 2.9438643 | O81: 4.1180316 | P81: 33.925212 | Q81: -4.2327607 | R81: 39.844495 | S81: 2.889 | T81: 1.813 | U81: 1.076 | V81: 14572410000000
A82: China | B82: CHN | C82: IASH.L | D82: 2020 | E82: 34.606379 | F82: 2.337 | G82: 3.528489 | H82: 3.643509 | I82: -34.698464 | J82: China|IASH.L|2020 | K82: China|2020 | L82: GBp | M82: 34.606379 | N82: 2.7751984 | O82: 3.0944746 | P82: 38.341973 | Q82: 0.1110997 | R82: 38.188446 | S82: 2.506 | T82: 1.253 | U82: 1.253 | V82: 15103357000000
A83: China | B83: CHN | C83: IASH.L | D83: 2021 | E83: 1.574716 | F83: 8.556 | G83: 12.556051 | H83: 20.442118 | I83: 20.164735 | J83: China|IASH.L|2021 | K83: China|2021 | L83: GBp | M83: 1.574716 | N83: -1.2772205 | O83: -1.1023431 | P83: 0.27738293 | Q83: 7.0063463 | R83: -6.2883778 | S83: 0.918 | T83: 4.679 | U83: -3.761 | V83: 18190803000000
A84: China | B84: CHN | C84: IASH.L | D84: 2022 | E84: -16.155227 | F84: 3.112 | G84: 5.140449 | H84: 0.643254 | I84: 25.888132 | J84: China|IASH.L|2022 | K84: China|2022 | L84: GBp | M84: -16.155227 | N84: -10.841047 | O84: -10.367729 | P84: -25.244878 | Q84: -4.2773214 | R84: -21.904482 | S84: 1.975 | T84: 7.993 | U84: -6.018 | V84: 18307816000000
A85: China | B85: CHN | C85: IASH.L | D85: 2023 | E85: -19.74633 | F85: 5.377 | G85: 4.934187 | H85: -0.204639 | I85: 15.478423 | J85: China|IASH.L|2023 | K85: China|2023 | L85: GBp | M85: -19.74633 | N85: 5.0630307 | O85: 5.030131 | P85: -15.683062 | Q85: -4.8971903 | R85: -11.341276 | S85: 0.228 | T85: 4.128 | U85: -3.9 | V85: 18270351000000
A86: China | B86: CHN | C86: IASH.L | D86: 2024 | E86: 13.750581 | F86: 5.003 | G86: 4.244735 | H86: 2.623967 | I86: -9.5101576 | J86: China|IASH.L|2024 | K86: China|2024 | L86: GBp | M86: 13.750581 | N86: -1.4210535 | O86: -1.6555391 | P86: 12.134125 | Q86: -1.5547717 | R86: 13.905089 | S86: 0.212 | T86: 2.952 | U86: -2.74 | V86: 18749759000000
A87: China | B87: CHN | C87: IASH.L | D87: 2025 | E87: 19.492819 | F87: 4.796 | G87: 3.644671 | H87: 3.460407 | I87: -25.080324 | J87: China|IASH.L|2025 | K87: China|2025 | L87: GBp | M87: 19.492819 | N87: 7.5719296 | O87: 7.6233774 | P87: 28.540731 | Q87: -0.17778426 | R87: 28.769663 | S87: 0.013 | T87: 2.715 | U87: -2.702 | V87: 19398577000000
A88: China | B88: CHN | C88: IASH.L | D88: 2026 | E88: 2.5190648 | F88: 4.163 | G88: 4.659559 | H88: 6.454994 | I88: 5.617531 | J88: China|IASH.L|2026 | K88: China|2026 | L88: GBp | M88: 2.5190648 | N88: -1.6402821 | P88: 0.83746297 | Q88: 1.7155 | R88: -0.86322833 | S88: 0.677 | T88: 2.435 | U88: -1.758 | V88: 20650754000000
A89: China | B89: CHN | C89: IASH.L | D89: 2027 | F89: 4.186 | G89: 5.704821 | H89: 6.613938 | J89: China|IASH.L|2027 | K89: China|2027 | L89: GBp | Q89: 0.86005249 | S89: 1.418 | T89: 2.185 | U89: -0.767 | V89: 22016582000000
A90: China | B90: CHN | C90: IASH.L | D90: 2028 | F90: 3.965 | G90: 5.940188 | H90: 6.516879 | J90: China|IASH.L|2028 | K90: China|2028 | L90: GBp | Q90: 0.54435538 | S90: 1.809 | T90: 2.206 | U90: -0.397 | V90: 23451376000000
A91: China | B91: CHN | C91: IASH.L | D91: 2029 | F91: 3.7 | G91: 5.691099 | H91: 5.974131 | J91: China|IASH.L|2029 | K91: China|2029 | L91: GBp | Q91: 0.26779177 | S91: 1.878 | T91: 2.203 | U91: -0.325 | V91: 24852392000000
A92: France | B92: FRA | C92: ISFR.L | D92: 2015 | E92: 5.8510638 | F92: 0.998 | J92: France|ISFR.L|2015 | K92: France|2015 | L92: GBp | M92: 5.8510638 | N92: -4.8888559 | O92: -5.4075152 | P92: 0.67615788 | S92: 0.089 | T92: 0.121 | U92: -0.032 | V92: 2442731000000
A93: France | B93: FRA | C93: ISFR.L | D93: 2016 | E93: 29.382907 | F93: 0.735 | G93: 1.38171 | H93: 1.105116 | I93: -6.7669661 | J93: France|ISFR.L|2016 | K93: France|2016 | L93: GBp | M93: 29.382907 | N93: -16.625709 | O93: -16.211812 | P93: 7.8720821 | Q93: -0.27282518 | R93: 8.1671895 | S93: 0.307 | T93: 1.267 | U93: -0.96 | V93: 2469726000000
A94: France | B94: FRA | C94: ISFR.L | D94: 2017 | E94: 18.653159 | F94: 2.268 | G94: 2.682207 | H94: 4.78713 | I94: -24.356615 | J94: France|ISFR.L|2017 | K94: France|2017 | L94: GBp | M94: 18.653159 | N94: 8.8413881 | O94: 9.4504359 | P94: 29.143745 | Q94: 2.0499399 | R94: 26.549555 | S94: 1.166 | T94: 2.131 | U94: -0.965 | V94: 2587955000000
A95: France | B95: FRA | C95: ISFR.L | D95: 2018 | E95: -7.6259836 | F95: 1.593 | G95: 2.778834 | H95: 7.530386 | I95: 20.77761 | J95: France|ISFR.L|2018 | K95: France|2018 | L95: GBp | M95: -7.6259836 | N95: -6.0853042 | O95: -5.7563162 | P95: -13.247224 | Q95: 4.6230846 | R95: -17.080655 | S95: 2.099 | T95: 2.439 | U95: -0.34 | V95: 2782838000000
A96: France | B96: FRA | C96: ISFR.L | D96: 2019 | E96: 23.203919 | F96: 2.091 | G96: 3.262512 | H96: -2.146873 | I96: -28.977748 | J96: France|ISFR.L|2019 | K96: France|2019 | L96: GBp | M96: 23.203919 | N96: 2.9438643 | O96: 4.1180316 | P96: 26.830875 | Q96: -5.2384791 | R96: 33.842169 | S96: 1.298 | T96: 1.813 | U96: -0.515 | V96: 2723094000000
A97: France | B97: FRA | C97: ISFR.L | D97: 2020 | E97: 0.50990676 | F97: -7.603 | G97: -4.684264 | H97: -2.838242 | I97: -6.137498 | J97: France|ISFR.L|2020 | K97: France|2020 | L97: GBp | M97: 0.50990676 | N97: 2.7751984 | O97: 3.0944746 | P97: 3.299256 | Q97: 1.9367443 | R97: 1.3366248 | S97: 0.527 | T97: 1.253 | U97: -0.726 | V97: 2645806000000
A98: France | B98: FRA | C98: ISFR.L | D98: 2021 | E98: 19.091825 | F98: 6.794 | G98: 8.18824 | H98: 12.192844 | I98: -5.3779158 | J98: France|ISFR.L|2021 | K98: France|2021 | L98: GBp | M98: 19.091825 | N98: -1.2772205 | O98: -1.1023431 | P98: 17.57076 | Q98: 3.7015152 | R98: 13.374197 | S98: 2.066 | T98: 4.679 | U98: -2.613 | V98: 2968405000000
A99: France | B99: FRA | C99: ISFR.L | D99: 2022 | E99: -2.6491249 | F99: 2.801 | G99: 5.816948 | H99: -5.774751 | I99: 7.428228 | J99: France|ISFR.L|2022 | K99: France|2022 | L99: GBp | M99: -2.6491249 | N99: -10.841047 | O99: -10.367729 | P99: -13.202979 | Q99: -10.954483 | R99: -2.5251087 | S99: 5.904 | T99: 7.993 | U99: -2.089 | V99: 2796987000000
A100: France | B100: FRA | C100: ISFR.L | D100: 2023 | E100: 13.959683 | F100: 1.619 | G100: 6.639307 | H100: 9.442518 | I100: -10.286978 | J100: France|ISFR.L|2023 | K100: France|2023 | L100: GBp | M100: 13.959683 | N100: 5.0630307 | O100: 5.030131 | P100: 19.729496 | Q100: 2.6286848 | R100: 16.662799 | S100: 5.663 | T100: 4.128 | U100: 1.535 | V100: 3061093000000
...

Sheet CAGR
A1: country_name | B1: country_code | C1: ticker | D1: as_of_date | E1: horizon | F1: etf_cagr_pct | G1: gdp_real_cagr_pct | H1: gdp_nominal_lcu_cagr_pct | I1: gdp_nominal_usd_cagr_pct | J1: fx_cagr_pct | K1: fx_jan1_cagr_pct | L1: inflation_local_cagr_pct | M1: inflation_usa_cagr_pct | N1: inflation_diff_cagr_pct | O1: gdp_nominal_usd_minus_etf_cagr_pct | P1: lookup_key | Q1: country_horizon_key | R1: etf_currency
A2: Australia | B2: AUS | D2: 46022 | E2: 1Y | G2: 1.809 | H2: 4.803761 | I2: 1.894523 | J2: -2.7758914 | K2: 7.8153444 | L2: 2.576 | M2: 2.715 | N2: -0.139 | P2: Australia||1Y | Q2: Australia|1Y
A3: Australia | B3: AUS | D3: 46022 | E3: 3Y | G3: 1.6316967 | H3: 4.7142093 | I3: 1.9714835 | J3: -2.619249 | K3: -0.71245304 | L3: 3.7808821 | M3: 3.2631562 | N3: 0.51772589 | P3: Australia||3Y | Q3: Australia|3Y
A4: Australia | B4: AUS | D4: 46022 | E4: 5Y | G4: 2.8767657 | H4: 7.6308559 | I4: 6.0691387 | J4: -1.4509938 | K4: -2.8144934 | L4: 4.1558836 | M4: 4.4764173 | N4: -0.32053372 | P4: Australia||5Y | Q4: Australia|5Y
A5: Australia | B5: AUS | D5: 46022 | E5: 10Y | G5: 2.2130551 | H5: 5.6877014 | I5: 4.0171481 | J5: -1.5806507 | K5: -0.84761193 | L5: 2.8352486 | M5: 3.1191525 | N5: -0.28390383 | P5: Australia||10Y | Q5: Australia|10Y
A6: Australia | B6: AUS | C6: SAUS.L | D6: 46022 | E6: 1Y | F6: 12.108578 | G6: 1.809 | H6: 4.803761 | I6: 1.894523 | J6: -2.7758914 | K6: 7.8153444 | L6: 2.576 | M6: 2.715 | N6: -0.139 | O6: -10.214055 | P6: Australia|SAUS.L|1Y | Q6: Australia|1Y | R6: GBp
A7: Australia | B7: AUS | C7: SAUS.L | D7: 46022 | E7: 3Y | F7: 3.4182372 | G7: 1.6316967 | H7: 4.7142093 | I7: 1.9714835 | J7: -2.619249 | K7: -0.71245304 | L7: 3.7808821 | M7: 3.2631562 | N7: 0.51772589 | O7: -1.4467537 | P7: Australia|SAUS.L|3Y | Q7: Australia|3Y | R7: GBp
A8: Australia | B8: AUS | C8: SAUS.L | D8: 46022 | E8: 5Y | F8: 5.9141081 | G8: 2.8767657 | H8: 7.6308559 | I8: 6.0691387 | J8: -1.4509938 | K8: -2.8144934 | L8: 4.1558836 | M8: 4.4764173 | N8: -0.32053372 | O8: 0.15503067 | P8: Australia|SAUS.L|5Y | Q8: Australia|5Y | R8: GBp
A9: Australia | B9: AUS | C9: SAUS.L | D9: 46022 | E9: 10Y | F9: 7.602351 | G9: 2.2130551 | H9: 5.6877014 | I9: 4.0171481 | J9: -1.5806507 | K9: -0.84761193 | L9: 2.8352486 | M9: 3.1191525 | N9: -0.28390383 | O9: -3.585203 | P9: Australia|SAUS.L|10Y | Q9: Australia|10Y | R9: GBp
A10: Austria | B10: AUT | D10: 46022 | E10: 1Y | G10: 0.27 | H10: 3.565712 | I10: 8.111368 | J10: 4.3891511 | K10: 13.510676 | L10: 3.562 | M10: 2.715 | N10: 0.847 | P10: Austria||1Y | Q10: Austria|1Y
A11: Austria | B11: AUT | D11: 46022 | E11: 3Y | G11: -0.5597198 | H11: 3.8306414 | I11: 6.258479 | J11: 2.338267 | K11: 3.1396087 | L11: 4.7093071 | M11: 3.2631562 | N11: 1.4461509 | P11: Austria||3Y | Q11: Austria|3Y
A12: Austria | B12: AUT | D12: 46022 | E12: 5Y | G12: 1.6419624 | H12: 5.6873252 | I12: 5.4691107 | J12: -0.20647166 | K12: -0.71591222 | L12: 5.0841342 | M12: 4.4764173 | N12: 0.60771697 | P12: Austria||5Y | Q12: Austria|5Y
A13: Austria | B13: AUT | D13: 46022 | E13: 10Y | G13: 1.0203336 | H13: 3.8993583 | I13: 4.0844444 | J13: 0.17813987 | K13: 0.79205215 | L13: 3.347981 | M13: 3.1191525 | N13: 0.22882855 | P13: Austria||10Y | Q13: Austria|10Y
A14: Austria | B14: AUT | C14: EWO | D14: 46022 | E14: 1Y | F14: 76.723253 | G14: 0.27 | H14: 3.565712 | I14: 8.111368 | J14: 4.3891511 | K14: 13.510676 | L14: 3.562 | M14: 2.715 | N14: 0.847 | O14: -68.611885 | P14: Austria|EWO|1Y | Q14: Austria|1Y | R14: USD
A15: Austria | B15: AUT | C15: EWO | D15: 46022 | E15: 3Y | F15: 29.207033 | G15: -0.5597198 | H15: 3.8306414 | I15: 6.258479 | J15: 2.338267 | K15: 3.1396087 | L15: 4.7093071 | M15: 3.2631562 | N15: 1.4461509 | O15: -22.948554 | P15: Austria|EWO|3Y | Q15: Austria|3Y | R15: USD
A16: Austria | B16: AUT | C16: EWO | D16: 46022 | E16: 5Y | F16: 17.289225 | G16: 1.6419624 | H16: 5.6873252 | I16: 5.4691107 | J16: -0.20647166 | K16: -0.71591222 | L16: 5.0841342 | M16: 4.4764173 | N16: 0.60771697 | O16: -11.820114 | P16: Austria|EWO|5Y | Q16: Austria|5Y | R16: USD
A17: Austria | B17: AUT | C17: EWO | D17: 46022 | E17: 10Y | F17: 12.503822 | G17: 1.0203336 | H17: 3.8993583 | I17: 4.0844444 | J17: 0.17813987 | K17: 0.79205215 | L17: 3.347981 | M17: 3.1191525 | N17: 0.22882855 | O17: -8.4193778 | P17: Austria|EWO|10Y | Q17: Austria|10Y | R17: USD
A18: Belgium | B18: BEL | D18: 46022 | E18: 1Y | G18: 1.065 | H18: 3.381842 | I18: 7.919592 | J18: 4.3893113 | K18: 13.510676 | L18: 2.571 | M18: 2.715 | N18: -0.144 | P18: Belgium||1Y | Q18: Belgium|1Y
A19: Belgium | B19: BEL | D19: 46022 | E19: 3Y | G19: 1.0953035 | H19: 4.0356288 | I19: 6.4683342 | J19: 2.338339 | K19: 3.1396087 | L19: 3.058437 | M19: 3.2631562 | N19: -0.20471919 | P19: Belgium||3Y | Q19: Belgium|3Y
A20: Belgium | B20: BEL | D20: 46022 | E20: 5Y | G20: 2.728929 | H20: 6.478916 | I20: 6.259096 | J20: -0.20644449 | K20: -0.71591222 | L20: 4.5056783 | M20: 4.4764173 | N20: 0.029261022 | P20: Belgium||5Y | Q20: Belgium|5Y
A21: Belgium | B21: BEL | D21: 46022 | E21: 10Y | G21: 1.5594853 | H21: 4.3275788 | I21: 4.5134152 | J21: 0.17812793 | K21: 0.79205215 | L21: 3.0392529 | M21: 3.1191525 | N21: -0.079899531 | P21: Belgium||10Y | Q21: Belgium|10Y
A22: Belgium | B22: BEL | C22: EWK | D22: 46022 | E22: 1Y | F22: 35.85671 | G22: 1.065 | H22: 3.381842 | I22: 7.919592 | J22: 4.3893113 | K22: 13.510676 | L22: 2.571 | M22: 2.715 | N22: -0.144 | O22: -27.937118 | P22: Belgium|EWK|1Y | Q22: Belgium|1Y | R22: USD
A23: Belgium | B23: BEL | C23: EWK | D23: 46022 | E23: 3Y | F23: 13.257981 | G23: 1.0953035 | H23: 4.0356288 | I23: 6.4683342 | J23: 2.338339 | K23: 3.1396087 | L23: 3.058437 | M23: 3.2631562 | N23: -0.20471919 | O23: -6.7896468 | P23: Belgium|EWK|3Y | Q23: Belgium|3Y | R23: USD
A24: Belgium | B24: BEL | C24: EWK | D24: 46022 | E24: 5Y | F24: 6.9394083 | G24: 2.728929 | H24: 6.478916 | I24: 6.259096 | J24: -0.20644449 | K24: -0.71591222 | L24: 4.5056783 | M24: 4.4764173 | N24: 0.029261022 | O24: -0.68031228 | P24: Belgium|EWK|5Y | Q24: Belgium|5Y | R24: USD
A25: Belgium | B25: BEL | C25: EWK | D25: 46022 | E25: 10Y | F25: 5.7116699 | G25: 1.5594853 | H25: 4.3275788 | I25: 4.5134152 | J25: 0.17812793 | K25: 0.79205215 | L25: 3.0392529 | M25: 3.1191525 | N25: -0.079899531 | O25: -1.1982547 | P25: Belgium|EWK|10Y | Q25: Belgium|10Y | R25: USD
A26: Brazil | B26: BRA | D26: 46022 | E26: 1Y | G26: 2.4 | H26: 7.880595 | I26: 3.555866 | J26: -4.0088115 | K26: 14.192495 | L26: 5.187 | M26: 2.715 | N26: 2.472 | P26: Brazil||1Y | Q26: Brazil|1Y
A27: Brazil | B27: BRA | D27: 46022 | E27: 3Y | G27: 3.0117348 | H27: 7.9227509 | I27: 4.9597227 | J27: -2.7455086 | K27: -1.4187414 | L27: 4.71543 | M27: 3.2631562 | N27: 1.4522737 | P27: Brazil||3Y | Q27: Brazil|3Y
A28: Brazil | B28: BRA | D28: 46022 | E28: 5Y | G28: 3.3606866 | H28: 10.734969 | I28: 8.8629661 | J28: -1.6905254 | K28: -1.2065827 | L28: 6.326579 | M28: 4.4764173 | N28: 1.8501617 | P28: Brazil||5Y | Q28: Brazil|5Y
A29: Brazil | B29: BRA | D29: 46022 | E29: 10Y | G29: 1.4261432 | H29: 7.7690216 | I29: 2.2876178 | J29: -5.0862519 | K29: -3.2859861 | L29: 5.4287729 | M29: 3.1191525 | N29: 2.3096205 | P29: Brazil||10Y | Q29: Brazil|10Y
A30: Brazil | B30: BRA | C30: XMBR.L | D30: 46022 | E30: 1Y | F30: 46.256677 | G30: 2.4 | H30: 7.880595 | I30: 3.555866 | J30: -4.0088115 | K30: 14.192495 | L30: 5.187 | M30: 2.715 | N30: 2.472 | O30: -42.700811 | P30: Brazil|XMBR.L|1Y | Q30: Brazil|1Y | R30: GBp
A31: Brazil | B31: BRA | C31: XMBR.L | D31: 46022 | E31: 3Y | F31: 13.230397 | G31: 3.0117348 | H31: 7.9227509 | I31: 4.9597227 | J31: -2.7455086 | K31: -1.4187414 | L31: 4.71543 | M31: 3.2631562 | N31: 1.4522737 | O31: -8.2706742 | P31: Brazil|XMBR.L|3Y | Q31: Brazil|3Y | R31: GBp
A32: Brazil | B32: BRA | C32: XMBR.L | D32: 46022 | E32: 5Y | F32: 4.9184156 | G32: 3.3606866 | H32: 10.734969 | I32: 8.8629661 | J32: -1.6905254 | K32: -1.2065827 | L32: 6.326579 | M32: 4.4764173 | N32: 1.8501617 | O32: 3.9445504 | P32: Brazil|XMBR.L|5Y | Q32: Brazil|5Y | R32: GBp
A33: Brazil | B33: BRA | C33: XMBR.L | D33: 46022 | E33: 10Y | F33: 10.038 | G33: 1.4261432 | H33: 7.7690216 | I33: 2.2876178 | J33: -5.0862519 | K33: -3.2859861 | L33: 5.4287729 | M33: 3.1191525 | N33: 2.3096205 | O33: -7.7503818 | P33: Brazil|XMBR.L|10Y | Q33: Brazil|10Y | R33: GBp
A34: Canada | B34: CAN | D34: 46022 | E34: 1Y | G34: 1.153 | H34: 3.577136 | I34: 1.781126 | J34: -1.7339833 | K34: 4.8016816 | L34: 1.963 | M34: 2.715 | N34: -0.752 | P34: Canada||1Y | Q34: Canada|1Y
A35: Canada | B35: CAN | D35: 46022 | E35: 3Y | G35: 1.4121668 | H35: 3.7326125 | I35: 1.3984724 | J35: -2.2501509 | K35: -0.45874639 | L35: 2.7453812 | M35: 3.2631562 | N35: -0.51777503 | P35: Canada||3Y | Q35: Canada|3Y
A36: Canada | B36: CAN | D36: 46022 | E36: 5Y | G36: 2.8583192 | H36: 7.4621668 | I36: 6.6420358 | J36: -0.76318134 | K36: -2.0764409 | L36: 3.6703255 | M36: 4.4764173 | N36: -0.80609179 | P36: Canada||5Y | Q36: Canada|5Y
A37: Canada | B37: CAN | D37: 46022 | E37: 10Y | G37: 1.769516 | H37: 4.804148 | I37: 3.9074888 | J37: -0.85555697 | K37: 0.13312944 | L37: 2.6252162 | M37: 3.1191525 | N37: -0.49393623 | P37: Canada||10Y | Q37: Canada|10Y
A38: Canada | B38: CAN | C38: CSCA.L | D38: 46022 | E38: 1Y | F38: 34.384986 | G38: 1.153 | H38: 3.577136 | I38: 1.781126 | J38: -1.7339833 | K38: 4.8016816 | L38: 1.963 | M38: 2.715 | N38: -0.752 | O38: -32.60386 | P38: Canada|CSCA.L|1Y | Q38: Canada|1Y | R38: GBp
A39: Canada | B39: CAN | C39: CSCA.L | D39: 46022 | E39: 3Y | F39: 20.369761 | G39: 1.4121668 | H39: 3.7326125 | I39: 1.3984724 | J39: -2.2501509 | K39: -0.45874639 | L39: 2.7453812 | M39: 3.2631562 | N39: -0.51777503 | O39: -18.971288 | P39: Canada|CSCA.L|3Y | Q39: Canada|3Y | R39: GBp
A40: Canada | B40: CAN | C40: CSCA.L | D40: 46022 | E40: 5Y | F40: 13.58489 | G40: 2.8583192 | H40: 7.4621668 | I40: 6.6420358 | J40: -0.76318134 | K40: -2.0764409 | L40: 3.6703255 | M40: 4.4764173 | N40: -0.80609179 | O40: -6.9428537 | P40: Canada|CSCA.L|5Y | Q40: Canada|5Y | R40: GBp
A41: Canada | B41: CAN | C41: CSCA.L | D41: 46022 | E41: 10Y | F41: 11.606325 | G41: 1.769516 | H41: 4.804148 | I41: 3.9074888 | J41: -0.85555697 | K41: 0.13312944 | L41: 2.6252162 | M41: 3.1191525 | N41: -0.49393623 | O41: -7.6988362 | P41: Canada|CSCA.L|10Y | Q41: Canada|10Y | R41: GBp
A42: China | B42: CHN | D42: 46022 | E42: 1Y | G42: 4.796 | H42: 3.644671 | I42: 3.460407 | J42: -0.17778426 | K42: 4.3166966 | L42: 0.013 | M42: 2.715 | N42: -2.702 | P42: China||1Y | Q42: China|1Y
A43: China | B43: CHN | D43: 46022 | E43: 3Y | G43: 5.0583917 | H43: 4.2732003 | I43: 1.9477812 | J43: -2.2301217 | K43: -0.47489585 | L43: 0.15095223 | M43: 3.2631562 | N43: -3.112204 | P43: China||3Y | Q43: China|3Y
A44: China | B44: CHN | D44: 46022 | E44: 5Y | G44: 5.3540068 | H44: 6.0550509 | I44: 5.1330534 | J44: -0.86935761 | K44: -1.3643185 | L44: 0.66662756 | M44: 4.4764173 | N44: -3.8097897 | P44: China||5Y | Q44: China|5Y
A45: China | B45: CHN | D45: 46022 | E45: 10Y | G45: 5.5523568 | H45: 7.1015301 | I45: 5.5459032 | J45: -1.4524788 | K45: -0.75773041 | L45: 1.4357785 | M45: 3.1191525 | N45: -1.683374 | P45: China||10Y | Q45: China|10Y
A46: China | B46: CHN | C46: IASH.L | D46: 46022 | E46: 1Y | F46: 28.540731 | G46: 4.796 | H46: 3.644671 | I46: 3.460407 | J46: -0.17778426 | K46: 4.3166966 | L46: 0.013 | M46: 2.715 | N46: -2.702 | O46: -25.080324 | P46: China|IASH.L|1Y | Q46: China|1Y | R46: GBp
A47: China | B47: CHN | C47: IASH.L | D47: 46022 | E47: 3Y | F47: 5.9134822 | G47: 5.0583917 | H47: 4.2732003 | I47: 1.9477812 | J47: -2.2301217 | K47: -0.47489585 | L47: 0.15095223 | M47: 3.2631562 | N47: -3.112204 | O47: -3.965701 | P47: China|IASH.L|3Y | Q47: China|3Y | R47: GBp
A48: China | B48: CHN | C48: IASH.L | D48: 46022 | E48: 5Y | F48: -2.3294934 | G48: 5.3540068 | H48: 6.0550509 | I48: 5.1330534 | J48: -0.86935761 | K48: -1.3643185 | L48: 0.66662756 | M48: 4.4764173 | N48: -3.8097897 | O48: 7.4625468 | P48: China|IASH.L|5Y | Q48: China|5Y | R48: GBp
A49: China | B49: CHN | C49: IASH.L | D49: 46022 | E49: 10Y | F49: 3.9008307 | G49: 5.5523568 | H49: 7.1015301 | I49: 5.5459032 | J49: -1.4524788 | K49: -0.75773041 | L49: 1.4357785 | M49: 3.1191525 | N49: -1.683374 | O49: 1.6450726 | P49: China|IASH.L|10Y | Q49: China|10Y | R49: GBp
A50: France | B50: FRA | D50: 46022 | E50: 1Y | G50: 0.671 | H50: 1.876521 | I50: 6.34803 | J50: 4.3891458 | K50: 13.510676 | L50: 1.143 | M50: 2.715 | N50: -1.572 | P50: France||1Y | Q50: France|1Y
A51: France | B51: FRA | D51: 46022 | E51: 3Y | G51: 1.1299243 | H51: 3.8911425 | I51: 6.3204184 | J51: 2.33829 | K51: 3.1396087 | L51: 3.0233154 | M51: 3.2631562 | N51: -0.23984079 | P51: France||3Y | Q51: France|3Y
A52: France | B52: FRA | D52: 46022 | E52: 5Y | G52: 2.5738479 | H52: 5.1221345 | I52: 4.9050745 | J52: -0.20648358 | K52: -0.71591222 | L52: 3.3998729 | M52: 4.4764173 | N52: -1.0765444 | P52: France||5Y | Q52: France|5Y
A53: France | B53: FRA | D53: 46022 | E53: 10Y | G53: 1.1489201 | H53: 3.0608367 | I53: 3.244395 | J53: 0.17810683 | K53: 0.79205215 | L53: 2.2320554 | M53: 3.1191525 | N53: -0.88709703 | P53: France||10Y | Q53: France|10Y
A54: France | B54: FRA | C54: ISFR.L | D54: 46022 | E54: 1Y | F54: 28.397457 | G54: 0.671 | H54: 1.876521 | I54: 6.34803 | J54: 4.3891458 | K54: 13.510676 | L54: 1.143 | M54: 2.715 | N54: -1.572 | O54: -22.049427 | P54: France|ISFR.L|1Y | Q54: France|1Y | R54: GBp
A55: France | B55: FRA | C55: ISFR.L | D55: 46022 | E55: 3Y | F55: 13.529744 | G55: 1.1299243 | H55: 3.8911425 | I55: 6.3204184 | J55: 2.33829 | K55: 3.1396087 | L55: 3.0233154 | M55: 3.2631562 | N55: -0.23984079 | O55: -7.2093255 | P55: France|ISFR.L|3Y | Q55: France|3Y | R55: GBp
A56: France | B56: FRA | C56: ISFR.L | D56: 46022 | E56: 5Y | F56: 8.8932729 | G56: 2.5738479 | H56: 5.1221345 | I56: 4.9050745 | J56: -0.20648358 | K56: -0.71591222 | L56: 3.3998729 | M56: 4.4764173 | N56: -1.0765444 | O56: -3.9881985 | P56: France|ISFR.L|5Y | Q56: France|5Y | R56: GBp
A57: France | B57: FRA | C57: ISFR.L | D57: 46022 | E57: 10Y | F57: 9.4930653 | G57: 1.1489201 | H57: 3.0608367 | I57: 3.244395 | J57: 0.17810683 | K57: 0.79205215 | L57: 2.2320554 | M57: 3.1191525 | N57: -0.88709703 | O57: -6.2486703 | P57: France|ISFR.L|10Y | Q57: France|10Y | R57: GBp
A58: Germany | B58: DEU | D58: 46022 | E58: 1Y | G58: 0.191 | H58: 2.531734 | I58: 7.032007 | J58: 4.3891514 | K58: 13.510676 | L58: 2.114 | M58: 2.715 | N58: -0.601 | P58: Germany||1Y | Q58: Germany|1Y
A59: Germany | B59: DEU | D59: 46022 | E59: 3Y | G59: -0.39330469 | H59: 3.6204469 | I59: 6.043401 | J59: 2.3382972 | K59: 3.1396087 | L59: 3.529417 | M59: 3.2631562 | N59: 0.26626081 | P59: Germany||3Y | Q59: Germany|3Y
A60: Germany | B60: DEU | D60: 46022 | E60: 5Y | G60: 0.89336888 | H60: 5.1638873 | I60: 4.9467423 | J60: -0.20648256 | K60: -0.71591222 | L60: 4.4727523 | M60: 4.4764173 | N60: -0.0036649986 | P60: Germany||5Y | Q60: Germany|5Y
A61: Germany | B61: DEU | D61: 46022 | E61: 10Y | G61: 0.73141109 | H61: 3.6979575 | I61: 3.8826526 | J61: 0.17810856 | K61: 0.79205215 | L61: 2.7947202 | M61: 3.1191525 | N61: -0.32443225 | P61: Germany||10Y | Q61: Germany|10Y
A62: Germany | B62: DEU | C62: EXS1.DE | D62: 46021 | E62: 1Y | F62: 38.274822 | G62: 0.191 | H62: 2.531734 | I62: 7.032007 | J62: 4.3891514 | K62: 13.510676 | L62: 2.114 | M62: 2.715 | N62: -0.601 | O62: -31.242815 | P62: Germany|EXS1.DE|1Y | Q62: Germany|1Y | R62: EUR
A63: Germany | B63: DEU | C63: EXS1.DE | D63: 46021 | E63: 3Y | F63: 23.656814 | G63: -0.39330469 | H63: 3.6204469 | I63: 6.043401 | J63: 2.3382972 | K63: 3.1396087 | L63: 3.529417 | M63: 3.2631562 | N63: 0.26626081 | O63: -17.613413 | P63: Germany|EXS1.DE|3Y | Q63: Germany|3Y | R63: EUR
A64: Germany | B64: DEU | C64: EXS1.DE | D64: 46021 | E64: 5Y | F64: 10.848624 | G64: 0.89336888 | H64: 5.1638873 | I64: 4.9467423 | J64: -0.20648256 | K64: -0.71591222 | L64: 4.4727523 | M64: 4.4764173 | N64: -0.0036649986 | O64: -5.9018817 | P64: Germany|EXS1.DE|5Y | Q64: Germany|5Y | R64: EUR
A65: Germany | B65: DEU | C65: EXS1.DE | D65: 46021 | E65: 10Y | F65: 9.23682 | G65: 0.73141109 | H65: 3.6979575 | I65: 3.8826526 | J65: 0.17810856 | K65: 0.79205215 | L65: 2.7947202 | M65: 3.1191525 | N65: -0.32443225 | O65: -5.3541674 | P65: Germany|EXS1.DE|10Y | Q65: Germany|10Y | R65: EUR
A66: Germany | B66: DEU | C66: XDAX.L | D66: 46022 | E66: 1Y | F66: 38.386554 | G66: 0.191 | H66: 2.531734 | I66: 7.032007 | J66: 4.3891514 | K66: 13.510676 | L66: 2.114 | M66: 2.715 | N66: -0.601 | O66: -31.354547 | P66: Germany|XDAX.L|1Y | Q66: Germany|1Y | R66: GBp
A67: Germany | B67: DEU | C67: XDAX.L | D67: 46022 | E67: 3Y | F67: 23.426527 | G67: -0.39330469 | H67: 3.6204469 | I67: 6.043401 | J67: 2.3382972 | K67: 3.1396087 | L67: 3.529417 | M67: 3.2631562 | N67: 0.26626081 | O67: -17.383126 | P67: Germany|XDAX.L|3Y | Q67: Germany|3Y | R67: GBp
A68: Germany | B68: DEU | C68: XDAX.L | D68: 46022 | E68: 5Y | F68: 10.571904 | G68: 0.89336888 | H68: 5.1638873 | I68: 4.9467423 | J68: -0.20648256 | K68: -0.71591222 | L68: 4.4727523 | M68: 4.4764173 | N68: -0.0036649986 | O68: -5.6251615 | P68: Germany|XDAX.L|5Y | Q68: Germany|5Y | R68: GBp
A69: Germany | B69: DEU | C69: XDAX.L | D69: 46022 | E69: 10Y | F69: 5.7944996 | G69: 0.73141109 | H69: 3.6979575 | I69: 3.8826526 | J69: 0.17810856 | K69: 0.79205215 | L69: 2.7947202 | M69: 3.1191525 | N69: -0.32443225 | O69: -1.911847 | P69: Germany|XDAX.L|10Y | Q69: Germany|10Y | R69: GBp
A70: Greece | B70: GRC | D70: 46022 | E70: 1Y | G70: 1.964 | H70: 5.093592 | I70: 9.706419 | J70: 4.3892559 | K70: 13.510676 | L70: 3.105 | M70: 2.715 | N70: 0.39 | P70: Greece||1Y | Q70: Greece|1Y
A71: Greece | B71: GRC | D71: 46022 | E71: 3Y | G71: 2.1892061 | H71: 6.3012353 | I71: 8.7868465 | J71: 2.3382714 | K71: 3.1396087 | L71: 3.4176842 | M71: 3.2631562 | N71: 0.15452792 | P71: Greece||3Y | Q71: Greece|3Y
A72: Greece | B72: GRC | D72: 46022 | E72: 5Y | G72: 4.1605599 | H72: 8.3056122 | I72: 8.0820451 | J72: -0.20642254 | K72: -0.71591222 | L72: 3.9867637 | M72: 4.4764173 | N72: -0.48965362 | P72: Greece||5Y | Q72: Greece|5Y
A73: Greece | B73: GRC | D73: 46022 | E73: 10Y | G73: 1.6596905 | H73: 3.5961309 | I73: 3.7806663 | J73: 0.17812971 | K73: 0.79205215 | L73: 2.0923843 | M73: 3.1191525 | N73: -1.0267681 | P73: Greece||10Y | Q73: Greece|10Y
A74: Greece | B74: GRC | C74: GREK | D74: 46022 | E74: 1Y | F74: 75.703565 | G74: 1.964 | H74: 5.093592 | I74: 9.706419 | J74: 4.3892559 | K74: 13.510676 | L74: 3.105 | M74: 2.715 | N74: 0.39 | O74: -65.997146 | P74: Greece|GREK|1Y | Q74: Greece|1Y | R74: USD
A75: Greece | B75: GRC | C75: GREK | D75: 46022 | E75: 3Y | F75: 39.839675 | G75: 2.1892061 | H75: 6.3012353 | I75: 8.7868465 | J75: 2.3382714 | K75: 3.1396087 | L75: 3.4176842 | M75: 3.2631562 | N75: 0.15452792 | O75: -31.052829 | P75: Greece|GREK|3Y | Q75: Greece|3Y | R75: USD
A76: Greece | B76: GRC | C76: GREK | D76: 46022 | E76: 5Y | F76: 24.554045 | G76: 4.1605599 | H76: 8.3056122 | I76: 8.0820451 | J76: -0.20642254 | K76: -0.71591222 | L76: 3.9867637 | M76: 4.4764173 | N76: -0.48965362 | O76: -16.472 | P76: Greece|GREK|5Y | Q76: Greece|5Y | R76: USD
A77: Greece | B77: GRC | C77: GREK | D77: 46022 | E77: 10Y | F77: 13.592976 | G77: 1.6596905 | H77: 3.5961309 | I77: 3.7806663 | J77: 0.17812971 | K77: 0.79205215 | L77: 2.0923843 | M77: 3.1191525 | N77: -1.0267681 | O77: -9.8123096 | P77: Greece|GREK|10Y | Q77: Greece|10Y | R77: USD
A78: Hong Kong | B78: HKG | D78: 46022 | E78: 1Y | G78: 2.438 | H78: 4.714979 | I78: 5.252382 | J78: 0.51320617 | K78: -0.2236197 | L78: 1.75 | M78: 2.715 | N78: -0.965 | P78: Hong Kong||1Y | Q78: Hong Kong|1Y
A79: Hong Kong | B79: HKG | D79: 46022 | E79: 3Y | G79: 2.7217182 | H79: 5.7806302 | I79: 6.0858977 | J79: 0.28858577 | K79: 0.059522353 | L79: 1.8588608 | M79: 3.2631562 | N79: -1.4042955 | P79: Hong Kong||3Y | Q79: Hong Kong|3Y
A80: Hong Kong | B80: HKG | D80: 46022 | E80: 5Y | G80: 2.1337903 | H80: 4.4389691 | I80: 4.420811 | J80: -0.01738617 | K80: -0.082700238 | L80: 1.8052474 | M80: 4.4764173 | N80: -2.6711698 | P80: Hong Kong||5Y | Q80: Hong Kong|5Y
A81: Hong Kong | B81: HKG | D81: 46022 | E81: 10Y | G81: 1.0844584 | H81: 3.3205123 | I81: 3.3041924 | J81: -0.015795309 | K81: -0.045343148 | L81: 1.8447637 | M81: 3.1191525 | N81: -1.2743888 | P81: Hong Kong||10Y | Q81: Hong Kong|10Y
A82: Hong Kong | B82: HKG | C82: EWH | D82: 46022 | E82: 1Y | F82: 36.63204 | G82: 2.438 | H82: 4.714979 | I82: 5.252382 | J82: 0.51320617 | K82: -0.2236197 | L82: 1.75 | M82: 2.715 | N82: -0.965 | O82: -31.379658 | P82: Hong Kong|EWH|1Y | Q82: Hong Kong|1Y | R82: USD
A83: Hong Kong | B83: HKG | C83: EWH | D83: 46022 | E83: 3Y | F83: 4.1905325 | G83: 2.7217182 | H83: 5.7806302 | I83: 6.0858977 | J83: 0.28858577 | K83: 0.059522353 | L83: 1.8588608 | M83: 3.2631562 | N83: -1.4042955 | O83: 1.8953652 | P83: Hong Kong|EWH|3Y | Q83: Hong Kong|3Y | R83: USD
A84: Hong Kong | B84: HKG | C84: EWH | D84: 46022 | E84: 5Y | F84: 0.62150247 | G84: 2.1337903 | H84: 4.4389691 | I84: 4.420811 | J84: -0.01738617 | K84: -0.082700238 | L84: 1.8052474 | M84: 4.4764173 | N84: -2.6711698 | O84: 3.7993085 | P84: Hong Kong|EWH|5Y | Q84: Hong Kong|5Y | R84: USD
A85: Hong Kong | B85: HKG | C85: EWH | D85: 46022 | E85: 10Y | F85: 4.482293 | G85: 1.0844584 | H85: 3.3205123 | I85: 3.3041924 | J85: -0.015795309 | K85: -0.045343148 | L85: 1.8447637 | M85: 3.1191525 | N85: -1.2743888 | O85: -1.1781006 | P85: Hong Kong|EWH|10Y | Q85: Hong Kong|10Y | R85: USD
A86: India | B86: IND | D86: 46022 | E86: 1Y | G86: 6.646 | H86: 8.515731 | I86: 5.507083 | J86: -2.7725457 | K86: -4.642186 | L86: 2.822 | M86: 2.715 | N86: 0.107 | P86: India||1Y | Q86: India|1Y
A87: India | B87: IND | D87: 46022 | E87: 3Y | G87: 7.4369187 | H87: 10.09512 | I87: 7.2265132 | J87: -2.6055711 | K87: -2.7470488 | L87: 4.2641926 | M87: 3.2631562 | N87: 1.0010363 | P87: India||3Y | Q87: India|3Y
A88: India | B88: IND | D88: 46022 | E88: 5Y | G88: 7.9183391 | H88: 12.566841 | I88: 9.0509174 | J88: -3.1234097 | K88: -4.0690108 | L88: 4.985944 | M88: 4.4764173 | N88: 0.50952668 | P88: India||5Y | Q88: India|5Y
A89: India | B89: IND | D89: 46022 | E89: 10Y | G89: 5.8348693 | H89: 10.050233 | I89: 6.9666928 | J89: -2.8019391 | K89: -3.0215257 | L89: 4.7363589 | M89: 3.1191525 | N89: 1.6172064 | P89: India||10Y | Q89: India|10Y
A90: India | B90: IND | C90: LYINR.SW | D90: 46021 | E90: 1Y | F90: -0.88943696 | G90: 6.646 | H90: 8.515731 | I90: 5.507083 | J90: -2.7725457 | K90: -4.642186 | L90: 2.822 | M90: 2.715 | N90: 0.107 | O90: 6.39652 | P90: India|LYINR.SW|1Y | Q90: India|1Y | R90: USD
A91: India | B91: IND | C91: LYINR.SW | D91: 46021 | E91: 3Y | F91: 9.5859136 | G91: 7.4369187 | H91: 10.09512 | I91: 7.2265132 | J91: -2.6055711 | K91: -2.7470488 | L91: 4.2641926 | M91: 3.2631562 | N91: 1.0010363 | O91: -2.3594004 | P91: India|LYINR.SW|3Y | Q91: India|3Y | R91: USD
A92: India | B92: IND | C92: LYINR.SW | D92: 46021 | E92: 5Y | F92: 7.8952615 | G92: 7.9183391 | H92: 12.566841 | I92: 9.0509174 | J92: -3.1234097 | K92: -4.0690108 | L92: 4.985944 | M92: 4.4764173 | N92: 0.50952668 | O92: 1.1556558 | P92: India|LYINR.SW|5Y | Q92: India|5Y | R92: USD
A93: India | B93: IND | C93: LYINR.SW | D93: 46021 | E93: 10Y | F93: 8.2915226 | G93: 5.8348693 | H93: 10.050233 | I93: 6.9666928 | J93: -2.8019391 | K93: -3.0215257 | L93: 4.7363589 | M93: 3.1191525 | N93: 1.6172064 | O93: -1.3248297 | P93: India|LYINR.SW|10Y | Q93: India|10Y | R93: USD
A94: Indonesia | B94: IDN | D94: 46022 | E94: 1Y | G94: 4.861 | H94: 7.022756 | I94: 3.362888 | J94: -3.4197107 | K94: -2.6247874 | L94: 1.839 | M94: 2.715 | N94: -0.876 | P94: Indonesia||1Y | Q94: Indonesia|1Y
A95: Indonesia | B95: IDN | D95: 46022 | E95: 3Y | G95: 4.979966 | H95: 6.5477732 | I95: 3.0437785 | J95: -3.2886611 | K95: -2.3741341 | L95: 2.6142446 | M95: 3.2631562 | N95: -0.64891167 | P95: Indonesia||3Y | Q95: Indonesia|3Y
A96: Indonesia | B96: IDN | D96: 46022 | E96: 5Y | G96: 4.7884868 | H96: 8.9377407 | I96: 6.3861205 | J96: -2.3422741 | K96: -3.5219926 | L96: 2.7052551 | M96: 4.4764173 | N96: -1.7711622 | P96: Indonesia||5Y | Q96: Indonesia|5Y
A97: Indonesia | B97: IDN | D97: 46022 | E97: 10Y | G97: 4.1953196 | H97: 7.4717268 | I97: 5.303156 | J97: -2.017806 | K97: -1.8882972 | L97: 2.8995997 | M97: 3.1191525 | N97: -0.21955273 | P97: Indonesia||10Y | Q97: Indonesia|10Y
A98: Indonesia | B98: IDN | C98: INDO.PA | D98: 46022 | E98: 1Y | F98: -3.3693379 | G98: 4.861 | H98: 7.022756 | I98: 3.362888 | J98: -3.4197107 | K98: -2.6247874 | L98: 1.839 | M98: 2.715 | N98: -0.876 | O98: 6.7322259 | P98: Indonesia|INDO.PA|1Y | Q98: Indonesia|1Y | R98: EUR
A99: Indonesia | B99: IDN | C99: INDO.PA | D99: 46022 | E99: 3Y | F99: -3.5448269 | G99: 4.979966 | H99: 6.5477732 | I99: 3.0437785 | J99: -3.2886611 | K99: -2.3741341 | L99: 2.6142446 | M99: 3.2631562 | N99: -0.64891167 | O99: 6.5886054 | P99: Indonesia|INDO.PA|3Y | Q99: Indonesia|3Y | R99: EUR
A100: Indonesia | B100: IDN | C100: INDO.PA | D100: 46022 | E100: 5Y | F100: -1.5182122 | G100: 4.7884868 | H100: 8.9377407 | I100: 6.3861205 | J100: -2.3422741 | K100: -3.5219926 | L100: 2.7052551 | M100: 4.4764173 | N100: -1.7711622 | O100: 7.9043328 | P100: Indonesia|INDO.PA|5Y | Q100: Indonesia|5Y | R100: EUR
...

Sheet REER_Data
A1: country_name | B1: bis_code | C1: current_reer | D1: avg_10y_reer | E1: reer_pct_diff
A2: Austria | B2: AT | C2: 107.49 | D2: 100.41504 | E2: 7.045716
A3: Australia | B3: AU | C3: 110.52 | D3: 105.88463 | E3: 4.3777572
A4: Belgium | B4: BE | C4: 104.96 | D4: 99.951074 | E4: 5.0113775
A5: Bulgaria | B5: BG | C5: 116.21 | D5: 102.48223 | E5: 13.395267
A6: Brazil | B6: BR | C6: 109.71 | D6: 116.37752 | E6: -5.729217
A7: Canada | B7: CA | C7: 96.52 | D7: 101.19322 | E7: -4.6181187
A8: Switzerland | B8: CH | C8: 103.82 | D8: 98.925289 | E8: 4.9478862
A9: China | B9: CN | C9: 89.85 | D9: 97.15686 | E9: -7.5206831
A10: Germany | B10: DE | C10: 102.04 | D10: 99.613554 | E10: 2.4358596
A11: Spain | B11: ES | C11: 103.63 | D11: 100.42397 | E11: 3.1924979
A12: France | B12: FR | C12: 96.52 | D12: 98.14719 | E12: -1.657908
A13: United Kingdom | B13: GB | C13: 111.8 | D13: 103.82058 | E13: 7.6857802
... A33: South Africa | B33: ZA | C33: 112.14 | D33: 106.08165 | E33: 5.7110225

Sheet Lists
A1: country_name | B1: ticker | C1: country_for_default | D1: default_ticker | E1: region | F1: country_name | G1: ticker | H1: ticker_display | J1: ticker | K1: ticker_display | L1: ticker_exchange | M1: ticker_currency
A2: Australia | B2: CJPU.L | C2: Australia | D2: SAUS.L | E2: Oceania | F2: Australia | G2: SAUS.L | H2: SAUS.L | J2: CJPU.L | K2: CJPU.L | L2: London Stock Exchange | M2: USD
A3: Austria | B3: CSCA.L | C3: Austria | D3: EWO* | E3: Europe | F3: Austria | G3: EWO | H3: EWO* | J3: CSCA.L | K3: CSCA.L | L3: London Stock Exchange | M3: GBp
A4: Belgium | B4: CSKR.L | C4: Belgium | D4: EWK* | E4: Europe | F4: Belgium | G4: EWK | H4: EWK* | J4: CSKR.L | K4: CSKR.L | L4: London Stock Exchange | M4: USD
A5: Brazil | B5: CSPX.L | C5: Brazil | D5: XMBR.L | E5: Latin America | F5: Brazil | G5: XMBR.L | H5: XMBR.L | J5: CSPX.L | K5: CSPX.L | L5: London Stock Exchange | M5: USD
A6: Canada | B6: CSUK.L | C6: Canada | D6: CSCA.L | E6: North America | F6: Canada | G6: CSCA.L | H6: CSCA.L | J6: CSUK.L | K6: CSUK.L | L6: London Stock Exchange | M6: GBp
A7: China | B7: CSUS.L | C7: China | D7: IASH.L | E7: Asia | F7: China | G7: IASH.L | H7: IASH.L | J7: CSUS.L | K7: CSUS.L | L7: London Stock Exchange | M7: USD
A8: France | B8: CSW.PA | C8: France | D8: ISFR.L | E8: Europe | F8: France | G8: ISFR.L | H8: ISFR.L | J8: CSW.PA | K8: CSW.PA | L8: PAR | M8: EUR
A9: Germany | B9: CSWG.L | C9: Germany | D9: EXS1.DE | E9: Europe | F9: Germany | G9: EXS1.DE | H9: EXS1.DE | J9: CSWG.L | K9: CSWG.L | L9: London Stock Exchange | M9: GBp
A10: Greece | B10: CUKX.L | C10: Greece | D10: GREK* | E10: Europe | F10: Germany | G10: XDAX.L | H10: XDAX.L | J10: CUKX.L | K10: CUKX.L | L10: London Stock Exchange | M10: GBp
A11: Hong Kong | B11: EWD | C11: Hong Kong | D11: EWH* | E11: Asia | F11: Greece | G11: GREK | H11: GREK* | J11: EWD | K11: EWD* | L11: NYSE Arca | M11: USD
A12: India | B12: EWH | C12: India | D12: LYINR.SW | E12: Asia | F12: Hong Kong | G12: EWH | H12: EWH* | J12: EWH | K12: EWH* | L12: NYSE Arca | M12: USD
... A34: Vietnam | B34: XCX3.L | C34: Vietnam | D34: XFVT.L | E34: Asia | F34: Taiwan | G34: XMTW.L | H34: XMTW.L | J34: XCX3.L | K34: XCX3.L | L34: London Stock Exchange | M34: GBp
B35: XCX4.L | E35: Other | F35: Thailand | G35: XCX4.L | H35: XCX4.L | J35: XCX4.L | K35: XCX4.L | L35: London Stock Exchange | M35: GBp
B36: XDAX.L | E36: Other | F36: Turkey | G36: TUR | H36: TUR* | J36: XDAX.L | K36: XDAX.L | L36: London Stock Exchange | M36: GBp
B37: XESP.DE | E37: Other | F37: Turkey | G37: TURL.L | H37: TURL.L | J37: XESP.DE | K37: XESP.DE | L37: GER | M37: EUR
B38: XFVT.L | E38: Other | F38: United Kingdom | G38: CSUK.L | H38: CSUK.L | J38: XFVT.L | K38: XFVT.L | L38: London Stock Exchange | M38: GBp
B39: XMBR.L | E39: Other | F39: United Kingdom | G39: CUKX.L | H39: CUKX.L | J39: XMBR.L | K39: XMBR.L | L39: London Stock Exchange | M39: GBp
B40: XMEX.L | E40: Other | F40: United States | G40: CSPX.L | H40: CSPX.L | J40: XMEX.L | K40: XMEX.L | L40: London Stock Exchange | M40: GBp
B41: XMTW.L | E41: Other | F41: United States | G41: CSUS.L | H41: CSUS.L | J41: XMTW.L | K41: XMTW.L | L41: London Stock Exchange | M41: GBp
B42: XPHG.L | E42: Other | F42: Vietnam | G42: XFVT.L | H42: XFVT.L | J42: XPHG.L | K42: XPHG.L | L42: London Stock Exchange | M42: GBp

Sheet Comparing Countries
A1: Country Disconnect Dashboard (As of Mar 18, 2026)
A2: Horizon (choice between 1Y, 3Y, 5Y, 10Y) | B2: 10Y | D2: Region Filter (using hidden reference columns) | E2: (asia, europe, etc.) | G2: Sort by (choice of GDP size) | H2: nGDP
A4: Country | B4: ETF Ticker | C4: nGDP (USD) CAGR (%) | D4: ETF Return (USD) CAGR (%) | E4: MSCI Index Retrun (USD) CAGR (%) | F4: Macro Gap (%) | G4: Projected Growth (2026-28) CAGR (%) | H4: Impact of $10 Oil Price change relative to GDP (%) | I4: REER Index | J4: REER vs 10Y | K4: Futures rate for USD/LCU 2 years out (%) | L4: GDP Metrics | M4: nGDP (USD) 2025 | N4: nGDP (LCU) CAGR (%) | O4: rGDP (LCU) CAGR (%) | P4: Exchange Rate Metrics | Q4: FX CAGR % | R4: FX Jan 1st CAGR % | S4: USD/LCU spot rate as of "today" | T4: Futures rate for USD/LCU (2 years out from "today") | U4: Inflation Metrics | V4: Inf. Diff CAGR % | W4: Differential | X4: Currency Gap % | Y4: Country Info | Z4: Region | AA4: Local Currency Unit (LCU) | AB4: ETF Info | AC4: Exchange name for ETF ticker | AD4: ETF ticker currency
A5: Australia | B5: SAUS.L | C5: =IFERROR(1*INDEX(CAGR!$I:$I, MATCH($A5&"|"&$B$2, CAGR!$Q:$Q, 0)), NA()) | D5: =IFERROR(1*INDEX(CAGR!$F:$F, MATCH($A5&"|"&$B5&"|"&$B$2, CAGR!$P:$P, 0)), NA()) | E5: =IFERROR(INDEX(MSCI!$B:$E, MATCH("Australia", MSCI!$A:$A, 0), MATCH($B$2, MSCI!$B$1:$E$1, 0)), NA()) | F5: =IF(AND(ISNUMBER(C5),ISNUMBER(D5)),C5-D5,NA()) | G5: =IFERROR((( (1+INDEX(Annual!$H:$H, MATCH($A5&"|2026", Annual!$K:$K, 0))/100)*(1+INDEX(Annual!$H:$H, MATCH($A5&"|2027", Annual!$K:$K, 0))/100)*(1+INDEX(Annual!$H:$H, MATCH($A5&"|2028", Annual!$K:$K, 0))/100) )^(1/3)-1)*100, NA()) | H5: =IFERROR(INDEX(Crude_Oil_Impact!$H:$H, MATCH($A5, Crude_Oil_Impact!$A:$A, 0)), NA()) | I5: =IFERROR(INDEX(REER_Data!$C:$C, MATCH($A5, REER_Data!$A:$A, 0)), NA()) | J5: =IFERROR(INDEX(REER_Data!$E:$E, MATCH($A5, REER_Data!$A:$A, 0)) / 100, NA()) | K5: NA() | M5: 1829508000000 | N5: =IFERROR(1*INDEX(CAGR!$H:$H, MATCH($A5&"|"&$B$2, CAGR!$Q:$Q, 0)), NA()) | O5: =IFERROR(1*INDEX(CAGR!$G:$G, MATCH($A5&"|"&$B$2, CAGR!$Q:$Q, 0)), NA()) | Q5: =IFERROR(1*INDEX(CAGR!$J:$J, MATCH($A5&"|"&$B$2, CAGR!$Q:$Q, 0)), NA()) | R5: =IFERROR(1*INDEX(CAGR!$K:$K, MATCH($A5&"|"&$B$2, CAGR!$Q:$Q, 0)), NA()) | T5: NA() | V5: =IFERROR(1*INDEX(CAGR!$N:$N, MATCH($A5&"|"&$B$2, CAGR!$Q:$Q, 0)), NA()) | X5: =IF(AND(ISNUMBER(Q5),ISNUMBER(V5)),Q5+V5,NA()) | Z5: Oceania | AA5: AUD | AC5: =IFERROR(INDEX(Lists!$J$2:$J$42, MATCH($B5, Lists!$I$2:$I$42, 0)),"") | AD5: =IFERROR(INDEX(Lists!$K$2:$K$42, MATCH($B5, Lists!$I$2:$I$42, 0)),"")
A6: Austria | B6: EWO | C6: =IFERROR(1*INDEX(CAGR!$I:$I, MATCH($A6&"|"&$B$2, CAGR!$Q:$Q, 0)), NA()) | D6: =IFERROR(1*INDEX(CAGR!$F:$F, MATCH($A6&"|"&$B6&"|"&$B$2, CAGR!$P:$P, 0)), NA()) | E6: =IFERROR(INDEX(MSCI!$B:$E, MATCH("Austria", MSCI!$A:$A, 0), MATCH($B$2, MSCI!$B$1:$E$1, 0)), NA()) | F6: =IF(AND(ISNUMBER(C6),ISNUMBER(D6)),C6-D6,NA()) | G6: =IFERROR((( (1+INDEX(Annual!$H:$H, MATCH($A6&"|2026", Annual!$K:$K, 0))/100)*(1+INDEX(Annual!$H:$H, MATCH($A6&"|2027", Annual!$K:$K, 0))/100)*(1+INDEX(Annual!$H:$H, MATCH($A6&"|2028", Annual!$K:$K, 0))/100) )^(1/3)-1)*100, NA()) | H6: =IFERROR(INDEX(Crude_Oil_Impact!$H:$H, MATCH($A6, Crude_Oil_Impact!$A:$A, 0)), NA()) | I6: =IFERROR(INDEX(REER_Data!$C:$C, MATCH($A6, REER_Data!$A:$A, 0)), NA()) | J6: =IFERROR(INDEX(REER_Data!$E:$E, MATCH($A6, REER_Data!$A:$A, 0)) / 100, NA()) | K6: NA() | M6: 566456000000 | N6: =IFERROR(1*INDEX(CAGR!$H:$H, MATCH($A6&"|"&$B$2, CAGR!$Q:$Q, 0)), NA()) | O6: =IFERROR(1*INDEX(CAGR!$G:$G, MATCH($A6&"|"&$B$2, CAGR!$Q:$Q, 0)), NA()) | Q6: =IFERROR(1*INDEX(CAGR!$J:$J, MATCH($A6&"|"&$B$2, CAGR!$Q:$Q, 0)), NA()) | R6: =IFERROR(1*INDEX(CAGR!$K:$K, MATCH($A6&"|"&$B$2, CAGR!$Q:$Q, 0)), NA()) | S6: 1 | T6: NA() | V6: =IFERROR(1*INDEX(CAGR!$N:$N, MATCH($A6&"|"&$B$2, CAGR!$Q:$Q, 0)), NA()) | X6: =IF(AND(ISNUMBER(Q6),ISNUMBER(V6)),Q6+V6,NA()) | Z6: Europe | AA6: EUR | AC6: =IFERROR(INDEX(Lists!$J$2:$J$42, MATCH($B6, Lists!$I$2:$I$42, 0)),"") | AD6: =IFERROR(INDEX(Lists!$K$2:$K$42, MATCH($B6, Lists!$I$2:$I$42, 0)),"")
A7: Belgium | B7: EWK | C7: =IFERROR(1*INDEX(CAGR!$I:$I, MATCH($A7&"|"&$B$2, CAGR!$Q:$Q, 0)), NA()) | D7: =IFERROR(1*INDEX(CAGR!$F:$F, MATCH($A7&"|"&$B7&"|"&$B$2, CAGR!$P:$P, 0)), NA()) | E7: =IFERROR(INDEX(MSCI!$B:$E, MATCH("Belgium", MSCI!$A:$A, 0), MATCH($B$2, MSCI!$B$1:$E$1, 0)), NA()) | F7: =IF(AND(ISNUMBER(C7),ISNUMBER(D7)),C7-D7,NA()) | G7: =IFERROR((( (1+INDEX(Annual!$H:$H, MATCH($A7&"|2026", Annual!$K:$K, 0))/100)*(1+INDEX(Annual!$H:$H, MATCH($A7&"|2027", Annual!$K:$K, 0))/100)*(1+INDEX(Annual!$H:$H, MATCH($A7&"|2028", Annual!$K:$K, 0))/100) )^(1/3)-1)*100, NA()) | H7: =IFERROR(INDEX(Crude_Oil_Impact!$H:$H, MATCH($A7, Crude_Oil_Impact!$A:$A, 0)), NA()) | I7: =IFERROR(INDEX(REER_Data!$C:$C, MATCH($A7, REER_Data!$A:$A, 0)), NA()) | J7: =IFERROR(INDEX(REER_Data!$E:$E, MATCH($A7, REER_Data!$A:$A, 0)) / 100, NA()) | K7: NA() | M7: 716980000000 | N7: =IFERROR(1*INDEX(CAGR!$H:$H, MATCH($A7&"|"&$B$2, CAGR!$Q:$Q, 0)), NA()) | O7: =IFERROR(1*INDEX(CAGR!$G:$G, MATCH($A7&"|"&$B$2, CAGR!$Q:$Q, 0)), NA()) | Q7: =IFERROR(1*INDEX(CAGR!$J:$J, MATCH($A7&"|"&$B$2, CAGR!$Q:$Q, 0)), NA()) | R7: =IFERROR(1*INDEX(CAGR!$K:$K, MATCH($A7&"|"&$B$2, CAGR!$Q:$Q, 0)), NA()) | S7: 1 | T7: NA() | V7: =IFERROR(1*INDEX(CAGR!$N:$N, MATCH($A7&"|"&$B$2, CAGR!$Q:$Q, 0)), NA()) | X7: =IF(AND(ISNUMBER(Q7),ISNUMBER(V7)),Q7+V7,NA()) | Z7: Europe | AA7: EUR | AC7: =IFERROR(INDEX(Lists!$J$2:$J$42, MATCH($B7, Lists!$I$2:$I$42, 0)),"") | AD7: =IFERROR(INDEX(Lists!$K$2:$K$42, MATCH($B7, Lists!$I$2:$I$42, 0)),"")
A8: Brazil | B8: XMBR.L | C8: =IFERROR(1*INDEX(CAGR!$I:$I, MATCH($A8&"|"&$B$2, CAGR!$Q:$Q, 0)), NA()) | D8: =IFERROR(1*INDEX(CAGR!$F:$F, MATCH($A8&"|"&$B8&"|"&$B$2, CAGR!$P:$P, 0)), NA()) | E8: =IFERROR(INDEX(MSCI!$B:$E, MATCH("Brazil", MSCI!$A:$A, 0), MATCH($B$2, MSCI!$B$1:$E$1, 0)), NA()) | F8: =IF(AND(ISNUMBER(C8),ISNUMBER(D8)),C8-D8,NA()) | G8: =IFERROR((( (1+INDEX(Annual!$H:$H, MATCH($A8&"|2026", Annual!$K:$K, 0))/100)*(1+INDEX(Annual!$H:$H, MATCH($A8&"|2027", Annual!$K:$K, 0))/100)*(1+INDEX(Annual!$H:$H, MATCH($A8&"|2028", Annual!$K:$K, 0))/100) )^(1/3)-1)*100, NA()) | H8: =IFERROR(INDEX(Crude_Oil_Impact!$H:$H, MATCH($A8, Crude_Oil_Impact!$A:$A, 0)), NA()) | I8: =IFERROR(INDEX(REER_Data!$C:$C, MATCH($A8, REER_Data!$A:$A, 0)), NA()) | J8: =IFERROR(INDEX(REER_Data!$E:$E, MATCH($A8, REER_Data!$A:$A, 0)) / 100, NA()) | K8: NA() | M8: 2256910000000 | N8: =IFERROR(1*INDEX(CAGR!$H:$H, MATCH($A8&"|"&$B$2, CAGR!$Q:$Q, 0)), NA()) | O8: =IFERROR(1*INDEX(CAGR!$G:$G, MATCH($A8&"|"&$B$2, CAGR!$Q:$Q, 0)), NA()) | Q8: =IFERROR(1*INDEX(CAGR!$J:$J, MATCH($A8&"|"&$B$2, CAGR!$Q:$Q, 0)), NA()) | R8: =IFERROR(1*INDEX(CAGR!$K:$K, MATCH($A8&"|"&$B$2, CAGR!$Q:$Q, 0)), NA()) | T8: NA() | V8: =IFERROR(1*INDEX(CAGR!$N:$N, MATCH($A8&"|"&$B$2, CAGR!$Q:$Q, 0)), NA()) | X8: =IF(AND(ISNUMBER(Q8),ISNUMBER(V8)),Q8+V8,NA()) | Z8: Latin America | AA8: BRL | AC8: =IFERROR(INDEX(Lists!$J$2:$J$42, MATCH($B8, Lists!$I$2:$I$42, 0)),"") | AD8: =IFERROR(INDEX(Lists!$K$2:$K$42, MATCH($B8, Lists!$I$2:$I$42, 0)),"")
A9: Canada | B9: CSCA.L | C9: =IFERROR(1*INDEX(CAGR!$I:$I, MATCH($A9&"|"&$B$2, CAGR!$Q:$Q, 0)), NA()) | D9: =IFERROR(1*INDEX(CAGR!$F:$F, MATCH($A9&"|"&$B9&"|"&$B$2, CAGR!$P:$P, 0)), NA()) | E9: =IFERROR(INDEX(MSCI!$B:$E, MATCH("Canada", MSCI!$A:$A, 0), MATCH($B$2, MSCI!$B$1:$E$1, 0)), NA()) | F9: =IF(AND(ISNUMBER(C9),ISNUMBER(D9)),C9-D9,NA()) | G9: =IFERROR((( (1+INDEX(Annual!$H:$H, MATCH($A9&"|2026", Annual!$K:$K, 0))/100)*(1+INDEX(Annual!$H:$H, MATCH($A9&"|2027", Annual!$K:$K, 0))/100)*(1+INDEX(Annual!$H:$H, MATCH($A9&"|2028", Annual!$K:$K, 0))/100) )^(1/3)-1)*100, NA()) | H9: =IFERROR(INDEX(Crude_Oil_Impact!$H:$H, MATCH($A9, Crude_Oil_Impact!$A:$A, 0)), NA()) | I9: =IFERROR(INDEX(REER_Data!$C:$C, MATCH($A9, REER_Data!$A:$A, 0)), NA()) | J9: =IFERROR(INDEX(REER_Data!$E:$E, MATCH($A9, REER_Data!$A:$A, 0)) / 100, NA()) | K9: NA() | M9: 2283599000000 | N9: =IFERROR(1*INDEX(CAGR!$H:$H, MATCH($A9&"|"&$B$2, CAGR!$Q:$Q, 0)), NA()) | O9: =IFERROR(1*INDEX(CAGR!$G:$G, MATCH($A9&"|"&$B$2, CAGR!$Q:$Q, 0)), NA()) | Q9: =IFERROR(1*INDEX(CAGR!$J:$J, MATCH($A9&"|"&$B$2, CAGR!$Q:$Q, 0)), NA()) | R9: =IFERROR(1*INDEX(CAGR!$K:$K, MATCH($A9&"|"&$B$2, CAGR!$Q:$Q, 0)), NA()) | T9: NA() | V9: =IFERROR(1*INDEX(CAGR!$N:$N, MATCH($A9&"|"&$B$2, CAGR!$Q:$Q, 0)), NA()) | X9: =IF(AND(ISNUMBER(Q9),ISNUMBER(V9)),Q9+V9,NA()) | Z9: North America | AA9: CAD | AC9: =IFERROR(INDEX(Lists!$J$2:$J$42, MATCH($B9, Lists!$I$2:$I$42, 0)),"") | AD9: =IFERROR(INDEX(Lists!$K$2:$K$42, MATCH($B9, Lists!$I$2:$I$42, 0)),"")
A10: China | B10: IASH.L | C10: =IFERROR(1*INDEX(CAGR!$I:$I, MATCH($A10&"|"&$B$2, CAGR!$Q:$Q, 0)), NA()) | D10: =IFERROR(1*INDEX(CAGR!$F:$F, MATCH($A10&"|"&$B10&"|"&$B$2, CAGR!$P:$P, 0)), NA()) | E10: =IFERROR(INDEX(MSCI!$B:$E, MATCH("China", MSCI!$A:$A, 0), MATCH($B$2, MSCI!$B$1:$E$1, 0)), NA()) | F10: =IF(AND(ISNUMBER(C10),ISNUMBER(D10)),C10-D10,NA()) | G10: =IFERROR((( (1+INDEX(Annual!$H:$H, MATCH($A10&"|2026", Annual!$K:$K, 0))/100)*(1+INDEX(Annual!$H:$H, MATCH($A10&"|2027", Annual!$K:$K, 0))/100)*(1+INDEX(Annual!$H:$H, MATCH($A10&"|2028", Annual!$K:$K, 0))/100) )^(1/3)-1)*100, NA()) | H10: =IFERROR(INDEX(Crude_Oil_Impact!$H:$H, MATCH($A10, Crude_Oil_Impact!$A:$A, 0)), NA()) | I10: =IFERROR(INDEX(REER_Data!$C:$C, MATCH($A10, REER_Data!$A:$A, 0)), NA()) | J10: =IFERROR(INDEX(REER_Data!$E:$E, MATCH($A10, REER_Data!$A:$A, 0)) / 100, NA()) | K10: NA() | M10: 19398577000000 | N10: =IFERROR(1*INDEX(CAGR!$H:$H, MATCH($A10&"|"&$B$2, CAGR!$Q:$Q, 0)), NA()) | O10: =IFERROR(1*INDEX(CAGR!$G:$G, MATCH($A10&"|"&$B$2, CAGR!$Q:$Q, 0)), NA()) | Q10: =IFERROR(1*INDEX(CAGR!$J:$J, MATCH($A10&"|"&$B$2, CAGR!$Q:$Q, 0)), NA()) | R10: =IFERROR(1*INDEX(CAGR!$K:$K, MATCH($A10&"|"&$B$2, CAGR!$Q:$Q, 0)), NA()) | T10: NA() | V10: =IFERROR(1*INDEX(CAGR!$N:$N, MATCH($A10&"|"&$B$2, CAGR!$Q:$Q, 0)), NA()) | X10: =IF(AND(ISNUMBER(Q10),ISNUMBER(V10)),Q10+V10,NA()) | Z10: Asia | AA10: CNY | AC10: =IFERROR(INDEX(Lists!$J$2:$J$42, MATCH($B10, Lists!$I$2:$I$42, 0)),"") | AD10: =IFERROR(INDEX(Lists!$K$2:$K$42, MATCH($B10, Lists!$I$2:$I$42, 0)),"")
A11: France | B11: ISFR.L | C11: =IFERROR(1*INDEX(CAGR!$I:$I, MATCH($A11&"|"&$B$2, CAGR!$Q:$Q, 0)), NA()) | D11: =IFERROR(1*INDEX(CAGR!$F:$F, MATCH($A11&"|"&$B11&"|"&$B$2, CAGR!$P:$P, 0)), NA()) | E11: =IFERROR(INDEX(MSCI!$B:$E, MATCH("France", MSCI!$A:$A, 0), MATCH($B$2, MSCI!$B$1:$E$1, 0)), NA()) | F11: =IF(AND(ISNUMBER(C11),ISNUMBER(D11)),C11-D11,NA()) | G11: =IFERROR((( (1+INDEX(Annual!$H:$H, MATCH($A11&"|2026", Annual!$K:$K, 0))/100)*(1+INDEX(Annual!$H:$H, MATCH($A11&"|2027", Annual!$K:$K, 0))/100)*(1+INDEX(Annual!$H:$H, MATCH($A11&"|2028", Annual!$K:$K, 0))/100) )^(1/3)-1)*100, NA()) | H11: =IFERROR(INDEX(Crude_Oil_Impact!$H:$H, MATCH($A11, Crude_Oil_Impact!$A:$A, 0)), NA()) | I11: =IFERROR(INDEX(REER_Data!$C:$C, MATCH($A11, REER_Data!$A:$A, 0)), NA()) | J11: =IFERROR(INDEX(REER_Data!$E:$E, MATCH($A11, REER_Data!$A:$A, 0)) / 100, NA()) | K11: NA() | M11: 3361557000000 | N11: =IFERROR(1*INDEX(CAGR!$H:$H, MATCH($A11&"|"&$B$2, CAGR!$Q:$Q, 0)), NA()) | O11: =IFERROR(1*INDEX(CAGR!$G:$G, MATCH($A11&"|"&$B$2, CAGR!$Q:$Q, 0)), NA()) | Q11: =IFERROR(1*INDEX(CAGR!$J:$J, MATCH($A11&"|"&$B$2, CAGR!$Q:$Q, 0)), NA()) | R11: =IFERROR(1*INDEX(CAGR!$K:$K, MATCH($A11&"|"&$B$2, CAGR!$Q:$Q, 0)), NA()) | T11: NA() | V11: =IFERROR(1*INDEX(CAGR!$N:$N, MATCH($A11&"|"&$B$2, CAGR!$Q:$Q, 0)), NA()) | X11: =IF(AND(ISNUMBER(Q11),ISNUMBER(V11)),Q11+V11,NA()) | Z11: Europe | AA11: EUR | AC11: =IFERROR(INDEX(Lists!$J$2:$J$42, MATCH($B11, Lists!$I$2:$I$42, 0)),"") | AD11: =IFERROR(INDEX(Lists!$K$2:$K$42, MATCH($B11, Lists!$I$2:$I$42, 0)),"")
A12: Germany | B12: EXS1.DE | C12: =IFERROR(1*INDEX(CAGR!$I:$I, MATCH($A12&"|"&$B$2, CAGR!$Q:$Q, 0)), NA()) | D12: =IFERROR(1*INDEX(CAGR!$F:$F, MATCH($A12&"|"&$B12&"|"&$B$2, CAGR!$P:$P, 0)), NA()) | E12: =IFERROR(INDEX(MSCI!$B:$E, MATCH("Germany", MSCI!$A:$A, 0), MATCH($B$2, MSCI!$B$1:$E$1, 0)), NA()) | F12: =IF(AND(ISNUMBER(C12),ISNUMBER(D12)),C12-D12,NA()) | G12: =IFERROR((( (1+INDEX(Annual!$H:$H, MATCH($A12&"|2026", Annual!$K:$K, 0))/100)*(1+INDEX(Annual!$H:$H, MATCH($A12&"|2027", Annual!$K:$K, 0))/100)*(1+INDEX(Annual!$H:$H, MATCH($A12&"|2028", Annual!$K:$K, 0))/100) )^(1/3)-1)*100, NA()) | H12: =IFERROR(INDEX(Crude_Oil_Impact!$H:$H, MATCH($A12, Crude_Oil_Impact!$A:$A, 0)), NA()) | I12: =IFERROR(INDEX(REER_Data!$C:$C, MATCH($A12, REER_Data!$A:$A, 0)), NA()) | J12: =IFERROR(INDEX(REER_Data!$E:$E, MATCH($A12, REER_Data!$A:$A, 0)) / 100, NA()) | K12: NA() | M12: 5013574000000 | N12: =IFERROR(1*INDEX(CAGR!$H:$H, MATCH($A12&"|"&$B$2, CAGR!$Q:$Q, 0)), NA()) | O12: =IFERROR(1*INDEX(CAGR!$G:$G, MATCH($A12&"|"&$B$2, CAGR!$Q:$Q, 0)), NA()) | Q12: =IFERROR(1*INDEX(CAGR!$J:$J, MATCH($A12&"|"&$B$2, CAGR!$Q:$Q, 0)), NA()) | R12: =IFERROR(1*INDEX(CAGR!$K:$K, MATCH($A12&"|"&$B$2, CAGR!$Q:$Q, 0)), NA()) | S12: 0.87279998 | T12: NA() | V12: =IFERROR(1*INDEX(CAGR!$N:$N, MATCH($A12&"|"&$B$2, CAGR!$Q:$Q, 0)), NA()) | X12: =IF(AND(ISNUMBER(Q12),ISNUMBER(V12)),Q12+V12,NA()) | Z12: Europe | AA12: EUR | AC12: =IFERROR(INDEX(Lists!$J$2:$J$42, MATCH($B12, Lists!$I$2:$I$42, 0)),"") | AD12: =IFERROR(INDEX(Lists!$K$2:$K$42, MATCH($B12, Lists!$I$2:$I$42, 0)),"")
A13: Greece | B13: GREK | C13: =IFERROR(1*INDEX(CAGR!$I:$I, MATCH($A13&"|"&$B$2, CAGR!$Q:$Q, 0)), NA()) | D13: =IFERROR(1*INDEX(CAGR!$F:$F, MATCH($A13&"|"&$B13&"|"&$B$2, CAGR!$P:$P, 0)), NA()) | E13: =IFERROR(INDEX(MSCI!$B:$E, MATCH("Greece", MSCI!$A:$A, 0), MATCH($B$2, MSCI!$B$1:$E$1, 0)), NA()) | F13: =IF(AND(ISNUMBER(C13),ISNUMBER(D13)),C13-D13,NA()) | G13: =IFERROR((( (1+INDEX(Annual!$H:$H, MATCH($A13&"|2026", Annual!$K:$K, 0))/100)*(1+INDEX(Annual!$H:$H, MATCH($A13&"|2027", Annual!$K:$K, 0))/100)*(1+INDEX(Annual!$H:$H, MATCH($A13&"|2028", Annual!$K:$K, 0))/100) )^(1/3)-1)*100, NA()) | H13: =IFERROR(INDEX(Crude_Oil_Impact!$H:$H, MATCH($A13, Crude_Oil_Impact!$A:$A, 0)), NA()) | I13: =IFERROR(INDEX(REER_Data!$C:$C, MATCH($A13, REER_Data!$A:$A, 0)), NA()) | J13: =IFERROR(INDEX(REER_Data!$E:$E, MATCH($A13, REER_Data!$A:$A, 0)) / 100, NA()) | K13: NA() | M13: 282019000000 | N13: =IFERROR(1*INDEX(CAGR!$H:$H, MATCH($A13&"|"&$B$2, CAGR!$Q:$Q, 0)), NA()) | O13: =IFERROR(1*INDEX(CAGR!$G:$G, MATCH($A13&"|"&$B$2, CAGR!$Q:$Q, 0)), NA()) | Q13: =IFERROR(1*INDEX(CAGR!$J:$J, MATCH($A13&"|"&$B$2, CAGR!$Q:$Q, 0)), NA()) | R13: =IFERROR(1*INDEX(CAGR!$K:$K, MATCH($A13&"|"&$B$2, CAGR!$Q:$Q, 0)), NA()) | S13: 1 | T13: NA() | V13: =IFERROR(1*INDEX(CAGR!$N:$N, MATCH($A13&"|"&$B$2, CAGR!$Q:$Q, 0)), NA()) | X13: =IF(AND(ISNUMBER(Q13),ISNUMBER(V13)),Q13+V13,NA()) | Z13: Europe | AA13: EUR | AC13: =IFERROR(INDEX(Lists!$J$2:$J$42, MATCH($B13, Lists!$I$2:$I$42, 0)),"") | AD13: =IFERROR(INDEX(Lists!$K$2:$K$42, MATCH($B13, Lists!$I$2:$I$42, 0)),"")
A14: Hong Kong | B14: EWH | C14: =IFERROR(1*INDEX(CAGR!$I:$I, MATCH($A14&"|"&$B$2, CAGR!$Q:$Q, 0)), NA()) | D14: =IFERROR(1*INDEX(CAGR!$F:$F, MATCH($A14&"|"&$B14&"|"&$B$2, CAGR!$P:$P, 0)), NA()) | E14: =IFERROR(INDEX(MSCI!$B:$E, MATCH("Hong Kong", MSCI!$A:$A, 0), MATCH($B$2, MSCI!$B$1:$E$1, 0)), NA()) | F14: =IF(AND(ISNUMBER(C14),ISNUMBER(D14)),C14-D14,NA()) | G14: =IFERROR((( (1+INDEX(Annual!$H:$H, MATCH($A14&"|2026", Annual!$K:$K, 0))/100)*(1+INDEX(Annual!$H:$H, MATCH($A14&"|2027", Annual!$K:$K, 0))/100)*(1+INDEX(Annual!$H:$H, MATCH($A14&"|2028", Annual!$K:$K, 0))/100) )^(1/3)-1)*100, NA()) | H14: =IFERROR(INDEX(Crude_Oil_Impact!$H:$H, MATCH($A14, Crude_Oil_Impact!$A:$A, 0)), NA()) | I14: =IFERROR(INDEX(REER_Data!$C:$C, MATCH($A14, REER_Data!$A:$A, 0)), NA()) | J14: =IFERROR(INDEX(REER_Data!$E:$E, MATCH($A14, REER_Data!$A:$A, 0)) / 100, NA()) | K14: NA() | M14: 428233000000 | N14: =IFERROR(1*INDEX(CAGR!$H:$H, MATCH($A14&"|"&$B$2, CAGR!$Q:$Q, 0)), NA()) | O14: =IFERROR(1*INDEX(CAGR!$G:$G, MATCH($A14&"|"&$B$2, CAGR!$Q:$Q, 0)), NA()) | Q14: =IFERROR(1*INDEX(CAGR!$J:$J, MATCH($A14&"|"&$B$2, CAGR!$Q:$Q, 0)), NA()) | R14: =IFERROR(1*INDEX(CAGR!$K:$K, MATCH($A14&"|"&$B$2, CAGR!$Q:$Q, 0)), NA()) | S14: 1 | T14: NA() | V14: =IFERROR(1*INDEX(CAGR!$N:$N, MATCH($A14&"|"&$B$2, CAGR!$Q:$Q, 0)), NA()) | X14: =IF(AND(ISNUMBER(Q14),ISNUMBER(V14)),Q14+V14,NA()) | Z14: Asia | AA14: HKD | AC14: =IFERROR(INDEX(Lists!$J$2:$J$42, MATCH($B14, Lists!$I$2:$I$42, 0)),"") | AD14: =IFERROR(INDEX(Lists!$K$2:$K$42, MATCH($B14, Lists!$I$2:$I$42, 0)),"")
A15: India | B15: LYINR.SW | C15: =IFERROR(1*INDEX(CAGR!$I:$I, MATCH($A15&"|"&$B$2, CAGR!$Q:$Q, 0)), NA()) | D15: =IFERROR(1*INDEX(CAGR!$F:$F, MATCH($A15&"|"&$B15&"|"&$B$2, CAGR!$P:$P, 0)), NA()) | E15: =IFERROR(INDEX(MSCI!$B:$E, MATCH("India", MSCI!$A:$A, 0), MATCH($B$2, MSCI!$B$1:$E$1, 0)), NA()) | F15: =IF(AND(ISNUMBER(C15),ISNUMBER(D15)),C15-D15,NA()) | G15: =IFERROR((( (1+INDEX(Annual!$H:$H, MATCH($A15&"|2026", Annual!$K:$K, 0))/100)*(1+INDEX(Annual!$H:$H, MATCH($A15&"|2027", Annual!$K:$K, 0))/100)*(1+INDEX(Annual!$H:$H, MATCH($A15&"|2028", Annual!$K:$K, 0))/100) )^(1/3)-1)*100, NA()) | H15: =IFERROR(INDEX(Crude_Oil_Impact!$H:$H, MATCH($A15, Crude_Oil_Impact!$A:$A, 0)), NA()) | I15: =IFERROR(INDEX(REER_Data!$C:$C, MATCH($A15, REER_Data!$A:$A, 0)), NA()) | J15: =IFERROR(INDEX(REER_Data!$E:$E, MATCH($A15, REER_Data!$A:$A, 0)) / 100, NA()) | K15: NA() | M15: 4125213000000 | N15: =IFERROR(1*INDEX(CAGR!$H:$H, MATCH($A15&"|"&$B$2, CAGR!$Q:$Q, 0)), NA()) | O15: =IFERROR(1*INDEX(CAGR!$G:$G, MATCH($A15&"|"&$B$2, CAGR!$Q:$Q, 0)), NA()) | Q15: =IFERROR(1*INDEX(CAGR!$J:$J, MATCH($A15&"|"&$B$2, CAGR!$Q:$Q, 0)), NA()) | R15: =IFERROR(1*INDEX(CAGR!$K:$K, MATCH($A15&"|"&$B$2, CAGR!$Q:$Q, 0)), NA()) | S15: 1 | T15: NA() | V15: =IFERROR(1*INDEX(CAGR!$N:$N, MATCH($A15&"|"&$B$2, CAGR!$Q:$Q, 0)), NA()) | X15: =IF(AND(ISNUMBER(Q15),ISNUMBER(V15)),Q15+V15,NA()) | Z15: Asia | AA15: INR | AC15: =IFERROR(INDEX(Lists!$J$2:$J$42, MATCH($B15, Lists!$I$2:$I$42, 0)),"") | AD15: =IFERROR(INDEX(Lists!$K$2:$K$42, MATCH($B15, Lists!$I$2:$I$42, 0)),"")
A16: Indonesia | B16: INDO.PA | C16: =IFERROR(1*INDEX(CAGR!$I:$I, MATCH($A16&"|"&$B$2, CAGR!$Q:$Q, 0)), NA()) | D16: =IFERROR(1*INDEX(CAGR!$F:$F, MATCH($A16&"|"&$B16&"|"&$B$2, CAGR!$P:$P, 0)), NA()) | E16: =IFERROR(INDEX(MSCI!$B:$E, MATCH("Indonesia", MSCI!$A:$A, 0), MATCH($B$2, MSCI!$B$1:$E$1, 0)), NA()) | F16: =IF(AND(ISNUMBER(C16),ISNUMBER(D16)),C16-D16,NA()) | G16: =IFERROR((( (1+INDEX(Annual!$H:$H, MATCH($A16&"|2026", Annual!$K:$K, 0))/100)*(1+INDEX(Annual!$H:$H, MATCH($A16&"|2027", Annual!$K:$K, 0))/100)*(1+INDEX(Annual!$H:$H, MATCH($A16&"|2028", Annual!$K:$K, 0))/100) )^(1/3)-1)*100, NA()) | H16: =IFERROR(INDEX(Crude_Oil_Impact!$H:$H, MATCH($A16, Crude_Oil_Impact!$A:$A, 0)), NA()) | I16: =IFERROR(INDEX(REER_Data!$C:$C, MATCH($A16, REER_Data!$A:$A, 0)), NA()) | J16: =IFERROR(INDEX(REER_Data!$E:$E, MATCH($A16, REER_Data!$A:$A, 0)) / 100, NA()) | K16: NA() | M16: 1443256000000 | N16: =IFERROR(1*INDEX(CAGR!$H:$H, MATCH($A16&"|"&$B$2, CAGR!$Q:$Q, 0)), NA()) | O16: =IFERROR(1*INDEX(CAGR!$G:$G, MATCH($A16&"|"&$B$2, CAGR!$Q:$Q, 0)), NA()) | Q16: =IFERROR(1*INDEX(CAGR!$J:$J, MATCH($A16&"|"&$B$2, CAGR!$Q:$Q, 0)), NA()) | R16: =IFERROR(1*INDEX(CAGR!$K:$K, MATCH($A16&"|"&$B$2, CAGR!$Q:$Q, 0)), NA()) | S16: 0.87279998 | T16: NA() | V16: =IFERROR(1*INDEX(CAGR!$N:$N, MATCH($A16&"|"&$B$2, CAGR!$Q:$Q, 0)), NA()) | X16: =IF(AND(ISNUMBER(Q16),ISNUMBER(V16)),Q16+V16,NA()) | Z16: Asia | AA16: IDR | AC16: =IFERROR(INDEX(Lists!$J$2:$J$42, MATCH($B16, Lists!$I$2:$I$42, 0)),"") | AD16: =IFERROR(INDEX(Lists!$K$2:$K$42, MATCH($B16, Lists!$I$2:$I$42, 0)),"")
A17: Italy | B17: EWI | C17: =IFERROR(1*INDEX(CAGR!$I:$I, MATCH($A17&"|"&$B$2, CAGR!$Q:$Q, 0)), NA()) | D17: =IFERROR(1*INDEX(CAGR!$F:$F, MATCH($A17&"|"&$B17&"|"&$B$2, CAGR!$P:$P, 0)), NA()) | E17: =IFERROR(INDEX(MSCI!$B:$E, MATCH("Italy", MSCI!$A:$A, 0), MATCH($B$2, MSCI!$B$1:$E$1, 0)), NA()) | F17: =IF(AND(ISNUMBER(C17),ISNUMBER(D17)),C17-D17,NA()) | G17: =IFERROR((( (1+INDEX(Annual!$H:$H, MATCH($A17&"|2026", Annual!$K:$K, 0))/100)*(1+INDEX(Annual!$H:$H, MATCH($A17&"|2027", Annual!$K:$K, 0))/100)*(1+INDEX(Annual!$H:$H, MATCH($A17&"|2028", Annual!$K:$K, 0))/100) )^(1/3)-1)*100, NA()) | H17: =IFERROR(INDEX(Crude_Oil_Impact!$H:$H, MATCH($A17, Crude_Oil_Impact!$A:$A, 0)), NA()) | I17: =IFERROR(INDEX(REER_Data!$C:$C, MATCH($A17, REER_Data!$A:$A, 0)), NA()) | J17: =IFERROR(INDEX(REER_Data!$E:$E, MATCH($A17, REER_Data!$A:$A, 0)) / 100, NA()) | K17: NA() | M17: 2543677000000 | N17: =IFERROR(1*INDEX(CAGR!$H:$H, MATCH($A17&"|"&$B$2, CAGR!$Q:$Q, 0)), NA()) | O17: =IFERROR(1*INDEX(CAGR!$G:$G, MATCH($A17&"|"&$B$2, CAGR!$Q:$Q, 0)), NA()) | Q17: =IFERROR(1*INDEX(CAGR!$J:$J, MATCH($A17&"|"&$B$2, CAGR!$Q:$Q, 0)), NA()) | R17: =IFERROR(1*INDEX(CAGR!$K:$K, MATCH($A17&"|"&$B$2, CAGR!$Q:$Q, 0)), NA()) | S17: 1 | T17: NA() | V17: =IFERROR(1*INDEX(CAGR!$N:$N, MATCH($A17&"|"&$B$2, CAGR!$Q:$Q, 0)), NA()) | X17: =IF(AND(ISNUMBER(Q17),ISNUMBER(V17)),Q17+V17,NA()) | Z17: Europe | AA17: EUR | AC17: =IFERROR(INDEX(Lists!$J$2:$J$42, MATCH($B17, Lists!$I$2:$I$42, 0)),"") | AD17: =IFERROR(INDEX(Lists!$K$2:$K$42, MATCH($B17, Lists!$I$2:$I$42, 0)),"")
A18: Japan | B18: CJPU.L | C18: =IFERROR(1*INDEX(CAGR!$I:$I, MATCH($A18&"|"&$B$2, CAGR!$Q:$Q, 0)), NA()) | D18: =IFERROR(1*INDEX(CAGR!$F:$F, MATCH($A18&"|"&$B18&"|"&$B$2, CAGR!$P:$P, 0)), NA()) | E18: =IFERROR(INDEX(MSCI!$B:$E, MATCH("Japan", MSCI!$A:$A, 0), MATCH($B$2, MSCI!$B$1:$E$1, 0)), NA()) | F18: =IF(AND(ISNUMBER(C18),ISNUMBER(D18)),C18-D18,NA()) | G18: =IFERROR((( (1+INDEX(Annual!$H:$H, MATCH($A18&"|2026", Annual!$K:$K, 0))/100)*(1+INDEX(Annual!$H:$H, MATCH($A18&"|2027", Annual!$K:$K, 0))/100)*(1+INDEX(Annual!$H:$H, MATCH($A18&"|2028", Annual!$K:$K, 0))/100) )^(1/3)-1)*100, NA()) | H18: =IFERROR(INDEX(Crude_Oil_Impact!$H:$H, MATCH($A18, Crude_Oil_Impact!$A:$A, 0)), NA()) | I18: =IFERROR(INDEX(REER_Data!$C:$C, MATCH($A18, REER_Data!$A:$A, 0)), NA()) | J18: =IFERROR(INDEX(REER_Data!$E:$E, MATCH($A18, REER_Data!$A:$A, 0)) / 100, NA()) | K18: NA() | M18: 4279828000000 | N18: =IFERROR(1*INDEX(CAGR!$H:$H, MATCH($A18&"|"&$B$2, CAGR!$Q:$Q, 0)), NA()) | O18: =IFERROR(1*INDEX(CAGR!$G:$G, MATCH($A18&"|"&$B$2, CAGR!$Q:$Q, 0)), NA()) | Q18: =IFERROR(1*INDEX(CAGR!$J:$J, MATCH($A18&"|"&$B$2, CAGR!$Q:$Q, 0)), NA()) | R18: =IFERROR(1*INDEX(CAGR!$K:$K, MATCH($A18&"|"&$B$2, CAGR!$Q:$Q, 0)), NA()) | S18: 1 | T18: NA() | V18: =IFERROR(1*INDEX(CAGR!$N:$N, MATCH($A18&"|"&$B$2, CAGR!$Q:$Q, 0)), NA()) | X18: =IF(AND(ISNUMBER(Q18),ISNUMBER(V18)),Q18+V18,NA()) | Z18: Asia | AA18: JPY | AC18: =IFERROR(INDEX(Lists!$J$2:$J$42, MATCH($B18, Lists!$I$2:$I$42, 0)),"") | AD18: =IFERROR(INDEX(Lists!$K$2:$K$42, MATCH($B18, Lists!$I$2:$I$42, 0)),"")
A19: Malaysia | B19: XCX3.L | C19: =IFERROR(1*INDEX(CAGR!$I:$I, MATCH($A19&"|"&$B$2, CAGR!$Q:$Q, 0)), NA()) | D19: =IFERROR(1*INDEX(CAGR!$F:$F, MATCH($A19&"|"&$B19&"|"&$B$2, CAGR!$P:$P, 0)), NA()) | E19: =IFERROR(INDEX(MSCI!$B:$E, MATCH("Malaysia", MSCI!$A:$A, 0), MATCH($B$2, MSCI!$B$1:$E$1, 0)), NA()) | F19: =IF(AND(ISNUMBER(C19),ISNUMBER(D19)),C19-D19,NA()) | G19: =IFERROR((( (1+INDEX(Annual!$H:$H, MATCH($A19&"|2026", Annual!$K:$K, 0))/100)*(1+INDEX(Annual!$H:$H, MATCH($A19&"|2027", Annual!$K:$K, 0))/100)*(1+INDEX(Annual!$H:$H, MATCH($A19&"|2028", Annual!$K:$K, 0))/100) )^(1/3)-1)*100, NA()) | H19: =IFERROR(INDEX(Crude_Oil_Impact!$H:$H, MATCH($A19, Crude_Oil_Impact!$A:$A, 0)), NA()) | I19: =IFERROR(INDEX(REER_Data!$C:$C, MATCH($A19, REER_Data!$A:$A, 0)), NA()) | J19: =IFERROR(INDEX(REER_Data!$E:$E, MATCH($A19, REER_Data!$A:$A, 0)) / 100, NA()) | K19: NA() | M19: 470572000000 | N19: =IFERROR(1*INDEX(CAGR!$H:$H, MATCH($A19&"|"&$B$2, CAGR!$Q:$Q, 0)), NA()) | O19: =IFERROR(1*INDEX(CAGR!$G:$G, MATCH($A19&"|"&$B$2, CAGR!$Q:$Q, 0)), NA()) | Q19: =IFERROR(1*INDEX(CAGR!$J:$J, MATCH($A19&"|"&$B$2, CAGR!$Q:$Q, 0)), NA()) | R19: =IFERROR(1*INDEX(CAGR!$K:$K, MATCH($A19&"|"&$B$2, CAGR!$Q:$Q, 0)), NA()) | T19: NA() | V19: =IFERROR(1*INDEX(CAGR!$N:$N, MATCH($A19&"|"&$B$2, CAGR!$Q:$Q, 0)), NA()) | X19: =IF(AND(ISNUMBER(Q19),ISNUMBER(V19)),Q19+V19,NA()) | Z19: Asia | AA19: MYR | AC19: =IFERROR(INDEX(Lists!$J$2:$J$42, MATCH($B19, Lists!$I$2:$I$42, 0)),"") | AD19: =IFERROR(INDEX(Lists!$K$2:$K$42, MATCH($B19, Lists!$I$2:$I$42, 0)),"")
A20: Mexico | B20: XMEX.L | C20: =IFERROR(1*INDEX(CAGR!$I:$I, MATCH($A20&"|"&$B$2, CAGR!$Q:$Q, 0)), NA()) | D20: =IFERROR(1*INDEX(CAGR!$F:$F, MATCH($A20&"|"&$B20&"|"&$B$2, CAGR!$P:$P, 0)), NA()) | E20: =IFERROR(INDEX(MSCI!$B:$E, MATCH("Mexico", MSCI!$A:$A, 0), MATCH($B$2, MSCI!$B$1:$E$1, 0)), NA()) | F20: =IF(AND(ISNUMBER(C20),ISNUMBER(D20)),C20-D20,NA()) | G20: =IFERROR((( (1+INDEX(Annual!$H:$H, MATCH($A20&"|2026", Annual!$K:$K, 0))/100)*(1+INDEX(Annual!$H:$H, MATCH($A20&"|2027", Annual!$K:$K, 0))/100)*(1+INDEX(Annual!$H:$H, MATCH($A20&"|2028", Annual!$K:$K, 0))/100) )^(1/3)-1)*100, NA()) | H20: =IFERROR(INDEX(Crude_Oil_Impact!$H:$H, MATCH($A20, Crude_Oil_Impact!$A:$A, 0)), NA()) | I20: =IFERROR(INDEX(REER_Data!$C:$C, MATCH($A20, REER_Data!$A:$A, 0)), NA()) | J20: =IFERROR(INDEX(REER_Data!$E:$E, MATCH($A20, REER_Data!$A:$A, 0)) / 100, NA()) | K20: NA() | M20: 1862740000000 | N20: =IFERROR(1*INDEX(CAGR!$H:$H, MATCH($A20&"|"&$B$2, CAGR!$Q:$Q, 0)), NA()) | O20: =IFERROR(1*INDEX(CAGR!$G:$G, MATCH($A20&"|"&$B$2, CAGR!$Q:$Q, 0)), NA()) | Q20: =IFERROR(1*INDEX(CAGR!$J:$J, MATCH($A20&"|"&$B$2, CAGR!$Q:$Q, 0)), NA()) | R20: =IFERROR(1*INDEX(CAGR!$K:$K, MATCH($A20&"|"&$B$2, CAGR!$Q:$Q, 0)), NA()) | T20: NA() | V20: =IFERROR(1*INDEX(CAGR!$N:$N, MATCH($A20&"|"&$B$2, CAGR!$Q:$Q, 0)), NA()) | X20: =IF(AND(ISNUMBER(Q20),ISNUMBER(V20)),Q20+V20,NA()) | Z20: Latin America | AA20: MXN | AC20: =IFERROR(INDEX(Lists!$J$2:$J$42, MATCH($B20, Lists!$I$2:$I$42, 0)),"") | AD20: =IFERROR(INDEX(Lists!$K$2:$K$42, MATCH($B20, Lists!$I$2:$I$42, 0)),"")
A21: Netherlands | B21: EWN | C21: =IFERROR(1*INDEX(CAGR!$I:$I, MATCH($A21&"|"&$B$2, CAGR!$Q:$Q, 0)), NA()) | D21: =IFERROR(1*INDEX(CAGR!$F:$F, MATCH($A21&"|"&$B21&"|"&$B$2, CAGR!$P:$P, 0)), NA()) | E21: =IFERROR(INDEX(MSCI!$B:$E, MATCH("Netherlands", MSCI!$A:$A, 0), MATCH($B$2, MSCI!$B$1:$E$1, 0)), NA()) | F21: =IF(AND(ISNUMBER(C21),ISNUMBER(D21)),C21-D21,NA()) | G21: =IFERROR((( (1+INDEX(Annual!$H:$H, MATCH($A21&"|2026", Annual!$K:$K, 0))/100)*(1+INDEX(Annual!$H:$H, MATCH($A21&"|2027", Annual!$K:$K, 0))/100)*(1+INDEX(Annual!$H:$H, MATCH($A21&"|2028", Annual!$K:$K, 0))/100) )^(1/3)-1)*100, NA()) | H21: =IFERROR(INDEX(Crude_Oil_Impact!$H:$H, MATCH($A21, Crude_Oil_Impact!$A:$A, 0)), NA()) | I21: =IFERROR(INDEX(REER_Data!$C:$C, MATCH($A21, REER_Data!$A:$A, 0)), NA()) | J21: =IFERROR(INDEX(REER_Data!$E:$E, MATCH($A21, REER_Data!$A:$A, 0)) / 100, NA()) | K21: NA() | M21: 1320635000000 | N21: =IFERROR(1*INDEX(CAGR!$H:$H, MATCH($A21&"|"&$B$2, CAGR!$Q:$Q, 0)), NA()) | O21: =IFERROR(1*INDEX(CAGR!$G:$G, MATCH($A21&"|"&$B$2, CAGR!$Q:$Q, 0)), NA()) | Q21: =IFERROR(1*INDEX(CAGR!$J:$J, MATCH($A21&"|"&$B$2, CAGR!$Q:$Q, 0)), NA()) | R21: =IFERROR(1*INDEX(CAGR!$K:$K, MATCH($A21&"|"&$B$2, CAGR!$Q:$Q, 0)), NA()) | S21: 1 | T21: NA() | V21: =IFERROR(1*INDEX(CAGR!$N:$N, MATCH($A21&"|"&$B$2, CAGR!$Q:$Q, 0)), NA()) | X21: =IF(AND(ISNUMBER(Q21),ISNUMBER(V21)),Q21+V21,NA()) | Z21: Europe | AA21: EUR | AC21: =IFERROR(INDEX(Lists!$J$2:$J$42, MATCH($B21, Lists!$I$2:$I$42, 0)),"") | AD21: =IFERROR(INDEX(Lists!$K$2:$K$42, MATCH($B21, Lists!$I$2:$I$42, 0)),"")
A22: Pakistan | B22: XBAK.L | C22: =IFERROR(1*INDEX(CAGR!$I:$I, MATCH($A22&"|"&$B$2, CAGR!$Q:$Q, 0)), NA()) | D22: =IFERROR(1*INDEX(CAGR!$F:$F, MATCH($A22&"|"&$B22&"|"&$B$2, CAGR!$P:$P, 0)), NA()) | E22: =IFERROR(INDEX(MSCI!$B:$E, MATCH("Pakistan", MSCI!$A:$A, 0), MATCH($B$2, MSCI!$B$1:$E$1, 0)), NA()) | F22: =IF(AND(ISNUMBER(C22),ISNUMBER(D22)),C22-D22,NA()) | G22: =IFERROR((( (1+INDEX(Annual!$H:$H, MATCH($A22&"|2026", Annual!$K:$K, 0))/100)*(1+INDEX(Annual!$H:$H, MATCH($A22&"|2027", Annual!$K:$K, 0))/100)*(1+INDEX(Annual!$H:$H, MATCH($A22&"|2028", Annual!$K:$K, 0))/100) )^(1/3)-1)*100, NA()) | H22: =IFERROR(INDEX(Crude_Oil_Impact!$H:$H, MATCH($A22, Crude_Oil_Impact!$A:$A, 0)), NA()) | I22: =IFERROR(INDEX(REER_Data!$C:$C, MATCH($A22, REER_Data!$A:$A, 0)), NA()) | J22: =IFERROR(INDEX(REER_Data!$E:$E, MATCH($A22, REER_Data!$A:$A, 0)) / 100, NA()) | K22: NA() | M22: 410495000000 | N22: =IFERROR(1*INDEX(CAGR!$H:$H, MATCH($A22&"|"&$B$2, CAGR!$Q:$Q, 0)), NA()) | O22: =IFERROR(1*INDEX(CAGR!$G:$G, MATCH($A22&"|"&$B$2, CAGR!$Q:$Q, 0)), NA()) | Q22: =IFERROR(1*INDEX(CAGR!$J:$J, MATCH($A22&"|"&$B$2, CAGR!$Q:$Q, 0)), NA()) | R22: =IFERROR(1*INDEX(CAGR!$K:$K, MATCH($A22&"|"&$B$2, CAGR!$Q:$Q, 0)), NA()) | S22: 1 | T22: NA() | V22: =IFERROR(1*INDEX(CAGR!$N:$N, MATCH($A22&"|"&$B$2, CAGR!$Q:$Q, 0)), NA()) | X22: =IF(AND(ISNUMBER(Q22),ISNUMBER(V22)),Q22+V22,NA()) | Z22: Asia | AA22: PKR | AC22: =IFERROR(INDEX(Lists!$J$2:$J$42, MATCH($B22, Lists!$I$2:$I$42, 0)),"") | AD22: =IFERROR(INDEX(Lists!$K$2:$K$42, MATCH($B22, Lists!$I$2:$I$42, 0)),"")
A23: Philippines | B23: XPHG.L | C23: =IFERROR(1*INDEX(CAGR!$I:$I, MATCH($A23&"|"&$B$2, CAGR!$Q:$Q, 0)), NA()) | D23: =IFERROR(1*INDEX(CAGR!$F:$F, MATCH($A23&"|"&$B23&"|"&$B$2, CAGR!$P:$P, 0)), NA()) | E23: =IFERROR(INDEX(MSCI!$B:$E, MATCH("Philippines", MSCI!$A:$A, 0), MATCH($B$2, MSCI!$B$1:$E$1, 0)), NA()) | F23: =IF(AND(ISNUMBER(C23),ISNUMBER(D23)),C23-D23,NA()) | G23: =IFERROR((( (1+INDEX(Annual!$H:$H, MATCH($A23&"|2026", Annual!$K:$K, 0))/100)*(1+INDEX(Annual!$H:$H, MATCH($A23&"|2027", Annual!$K:$K, 0))/100)*(1+INDEX(Annual!$H:$H, MATCH($A23&"|2028", Annual!$K:$K, 0))/100) )^(1/3)-1)*100, NA()) | H23: =IFERROR(INDEX(Crude_Oil_Impact!$H:$H, MATCH($A23, Crude_Oil_Impact!$A:$A, 0)), NA()) | I23: =IFERROR(INDEX(REER_Data!$C:$C, MATCH($A23, REER_Data!$A:$A, 0)), NA()) | J23: =IFERROR(INDEX(REER_Data!$E:$E, MATCH($A23, REER_Data!$A:$A, 0)) / 100, NA()) | K23: NA() | M23: 494158000000 | N23: =IFERROR(1*INDEX(CAGR!$H:$H, MATCH($A23&"|"&$B$2, CAGR!$Q:$Q, 0)), NA()) | O23: =IFERROR(1*INDEX(CAGR!$G:$G, MATCH($A23&"|"&$B$2, CAGR!$Q:$Q, 0)), NA()) | Q23: =IFERROR(1*INDEX(CAGR!$J:$J, MATCH($A23&"|"&$B$2, CAGR!$Q:$Q, 0)), NA()) | R23: =IFERROR(1*INDEX(CAGR!$K:$K, MATCH($A23&"|"&$B$2, CAGR!$Q:$Q, 0)), NA()) | T23: NA() | V23: =IFERROR(1*INDEX(CAGR!$N:$N, MATCH($A23&"|"&$B$2, CAGR!$Q:$Q, 0)), NA()) | X23: =IF(AND(ISNUMBER(Q23),ISNUMBER(V23)),Q23+V23,NA()) | Z23: Asia | AA23: PHP | AC23: =IFERROR(INDEX(Lists!$J$2:$J$42, MATCH($B23, Lists!$I$2:$I$42, 0)),"") | AD23: =IFERROR(INDEX(Lists!$K$2:$K$42, MATCH($B23, Lists!$I$2:$I$42, 0)),"")
A24: Poland | B24: IPOL.L | C24: =IFERROR(1*INDEX(CAGR!$I:$I, MATCH($A24&"|"&$B$2, CAGR!$Q:$Q, 0)), NA()) | D24: =IFERROR(1*INDEX(CAGR!$F:$F, MATCH($A24&"|"&$B24&"|"&$B$2, CAGR!$P:$P, 0)), NA()) | E24: =IFERROR(INDEX(MSCI!$B:$E, MATCH("Poland", MSCI!$A:$A, 0), MATCH($B$2, MSCI!$B$1:$E$1, 0)), NA()) | F24: =IF(AND(ISNUMBER(C24),ISNUMBER(D24)),C24-D24,NA()) | G24: =IFERROR((( (1+INDEX(Annual!$H:$H, MATCH($A24&"|2026", Annual!$K:$K, 0))/100)*(1+INDEX(Annual!$H:$H, MATCH($A24&"|2027", Annual!$K:$K, 0))/100)*(1+INDEX(Annual!$H:$H, MATCH($A24&"|2028", Annual!$K:$K, 0))/100) )^(1/3)-1)*100, NA()) | H24: =IFERROR(INDEX(Crude_Oil_Impact!$H:$H, MATCH($A24, Crude_Oil_Impact!$A:$A, 0)), NA()) | I24: =IFERROR(INDEX(REER_Data!$C:$C, MATCH($A24, REER_Data!$A:$A, 0)), NA()) | J24: =IFERROR(INDEX(REER_Data!$E:$E, MATCH($A24, REER_Data!$A:$A, 0)) / 100, NA()) | K24: NA() | M24: 1039619000000 | N24: =IFERROR(1*INDEX(CAGR!$H:$H, MATCH($A24&"|"&$B$2, CAGR!$Q:$Q, 0)), NA()) | O24: =IFERROR(1*INDEX(CAGR!$G:$G, MATCH($A24&"|"&$B$2, CAGR!$Q:$Q, 0)), NA()) | Q24: =IFERROR(1*INDEX(CAGR!$J:$J, MATCH($A24&"|"&$B$2, CAGR!$Q:$Q, 0)), NA()) | R24: =IFERROR(1*INDEX(CAGR!$K:$K, MATCH($A24&"|"&$B$2, CAGR!$Q:$Q, 0)), NA()) | S24: 1 | T24: NA() | V24: =IFERROR(1*INDEX(CAGR!$N:$N, MATCH($A24&"|"&$B$2, CAGR!$Q:$Q, 0)), NA()) | X24: =IF(AND(ISNUMBER(Q24),ISNUMBER(V24)),Q24+V24,NA()) | Z24: Europe | AA24: PLN | AC24: =IFERROR(INDEX(Lists!$J$2:$J$42, MATCH($B24, Lists!$I$2:$I$42, 0)),"") | AD24: =IFERROR(INDEX(Lists!$K$2:$K$42, MATCH($B24, Lists!$I$2:$I$42, 0)),"")
A25: Saudi Arabia | B25: IKSA.L | C25: =IFERROR(1*INDEX(CAGR!$I:$I, MATCH($A25&"|"&$B$2, CAGR!$Q:$Q, 0)), NA()) | D25: =IFERROR(1*INDEX(CAGR!$F:$F, MATCH($A25&"|"&$B25&"|"&$B$2, CAGR!$P:$P, 0)), NA()) | E25: =IFERROR(INDEX(MSCI!$B:$E, MATCH("Saudi Arabia", MSCI!$A:$A, 0), MATCH($B$2, MSCI!$B$1:$E$1, 0)), NA()) | F25: =IF(AND(ISNUMBER(C25),ISNUMBER(D25)),C25-D25,NA()) | G25: =IFERROR((( (1+INDEX(Annual!$H:$H, MATCH($A25&"|2026", Annual!$K:$K, 0))/100)*(1+INDEX(Annual!$H:$H, MATCH($A25&"|2027", Annual!$K:$K, 0))/100)*(1+INDEX(Annual!$H:$H, MATCH($A25&"|2028", Annual!$K:$K, 0))/100) )^(1/3)-1)*100, NA()) | H25: =IFERROR(INDEX(Crude_Oil_Impact!$H:$H, MATCH($A25, Crude_Oil_Impact!$A:$A, 0)), NA()) | I25: =IFERROR(INDEX(REER_Data!$C:$C, MATCH($A25, REER_Data!$A:$A, 0)), NA()) | J25: =IFERROR(INDEX(REER_Data!$E:$E, MATCH($A25, REER_Data!$A:$A, 0)) / 100, NA()) | K25: NA() | M25: 1268535000000 | N25: =IFERROR(1*INDEX(CAGR!$H:$H, MATCH($A25&"|"&$B$2, CAGR!$Q:$Q, 0)), NA()) | O25: =IFERROR(1*INDEX(CAGR!$G:$G, MATCH($A25&"|"&$B$2, CAGR!$Q:$Q, 0)), NA()) | Q25: =IFERROR(1*INDEX(CAGR!$J:$J, MATCH($A25&"|"&$B$2, CAGR!$Q:$Q, 0)), NA()) | R25: =IFERROR(1*INDEX(CAGR!$K:$K, MATCH($A25&"|"&$B$2, CAGR!$Q:$Q, 0)), NA()) | S25: 1 | T25: NA() | V25: =IFERROR(1*INDEX(CAGR!$N:$N, MATCH($A25&"|"&$B$2, CAGR!$Q:$Q, 0)), NA()) | X25: =IF(AND(ISNUMBER(Q25),ISNUMBER(V25)),Q25+V25,NA()) | Z25: Middle East | AA25: SAR | AC25: =IFERROR(INDEX(Lists!$J$2:$J$42, MATCH($B25, Lists!$I$2:$I$42, 0)),"") | AD25: =IFERROR(INDEX(Lists!$K$2:$K$42, MATCH($B25, Lists!$I$2:$I$42, 0)),"")
A26: Singapore | B26: EWS | C26: =IFERROR(1*INDEX(CAGR!$I:$I, MATCH($A26&"|"&$B$2, CAGR!$Q:$Q, 0)), NA()) | D26: =IFERROR(1*INDEX(CAGR!$F:$F, MATCH($A26&"|"&$B26&"|"&$B$2, CAGR!$P:$P, 0)), NA()) | E26: =IFERROR(INDEX(MSCI!$B:$E, MATCH("Singapore", MSCI!$A:$A, 0), MATCH($B$2, MSCI!$B$1:$E$1, 0)), NA()) | F26: =IF(AND(ISNUMBER(C26),ISNUMBER(D26)),C26-D26,NA()) | G26: =IFERROR((( (1+INDEX(Annual!$H:$H, MATCH($A26&"|2026", Annual!$K:$K, 0))/100)*(1+INDEX(Annual!$H:$H, MATCH($A26&"|2027", Annual!$K:$K, 0))/100)*(1+INDEX(Annual!$H:$H, MATCH($A26&"|2028", Annual!$K:$K, 0))/100) )^(1/3)-1)*100, NA()) | H26: =IFERROR(INDEX(Crude_Oil_Impact!$H:$H, MATCH($A26, Crude_Oil_Impact!$A:$A, 0)), NA()) | I26: =IFERROR(INDEX(REER_Data!$C:$C, MATCH($A26, REER_Data!$A:$A, 0)), NA()) | J26: =IFERROR(INDEX(REER_Data!$E:$E, MATCH($A26, REER_Data!$A:$A, 0)) / 100, NA()) | K26: NA() | M26: 574185000000 | N26: =IFERROR(1*INDEX(CAGR!$H:$H, MATCH($A26&"|"&$B$2, CAGR!$Q:$Q, 0)), NA()) | O26: =IFERROR(1*INDEX(CAGR!$G:$G, MATCH($A26&"|"&$B$2, CAGR!$Q:$Q, 0)), NA()) | Q26: =IFERROR(1*INDEX(CAGR!$J:$J, MATCH($A26&"|"&$B$2, CAGR!$Q:$Q, 0)), NA()) | R26: =IFERROR(1*INDEX(CAGR!$K:$K, MATCH($A26&"|"&$B$2, CAGR!$Q:$Q, 0)), NA()) | S26: 1 | T26: NA() | V26: =IFERROR(1*INDEX(CAGR!$N:$N, MATCH($A26&"|"&$B$2, CAGR!$Q:$Q, 0)), NA()) | X26: =IF(AND(ISNUMBER(Q26),ISNUMBER(V26)),Q26+V26,NA()) | Z26: Asia | AA26: SGD | AC26: =IFERROR(INDEX(Lists!$J$2:$J$42, MATCH($B26, Lists!$I$2:$I$42, 0)),"") | AD26: =IFERROR(INDEX(Lists!$K$2:$K$42, MATCH($B26, Lists!$I$2:$I$42, 0)),"")
A27: South Africa | B27: IRSA.L | C27: =IFERROR(1*INDEX(CAGR!$I:$I, MATCH($A27&"|"&$B$2, CAGR!$Q:$Q, 0)), NA()) | D27: =IFERROR(1*INDEX(CAGR!$F:$F, MATCH($A27&"|"&$B27&"|"&$B$2, CAGR!$P:$P, 0)), NA()) | E27: =IFERROR(INDEX(MSCI!$B:$E, MATCH("South Africa", MSCI!$A:$A, 0), MATCH($B$2, MSCI!$B$1:$E$1, 0)), NA()) | F27: =IF(AND(ISNUMBER(C27),ISNUMBER(D27)),C27-D27,NA()) | G27: =IFERROR((( (1+INDEX(Annual!$H:$H, MATCH($A27&"|2026", Annual!$K:$K, 0))/100)*(1+INDEX(Annual!$H:$H, MATCH($A27&"|2027", Annual!$K:$K, 0))/100)*(1+INDEX(Annual!$H:$H, MATCH($A27&"|2028", Annual!$K:$K, 0))/100) )^(1/3)-1)*100, NA()) | H27: =IFERROR(INDEX(Crude_Oil_Impact!$H:$H, MATCH($A27, Crude_Oil_Impact!$A:$A, 0)), NA()) | I27: =IFERROR(INDEX(REER_Data!$C:$C, MATCH($A27, REER_Data!$A:$A, 0)), NA()) | J27: =IFERROR(INDEX(REER_Data!$E:$E, MATCH($A27, REER_Data!$A:$A, 0)) / 100, NA()) | K27: NA() | M27: 426383000000 | N27: =IFERROR(1*INDEX(CAGR!$H:$H, MATCH($A27&"|"&$B$2, CAGR!$Q:$Q, 0)), NA()) | O27: =IFERROR(1*INDEX(CAGR!$G:$G, MATCH($A27&"|"&$B$2, CAGR!$Q:$Q, 0)), NA()) | Q27: =IFERROR(1*INDEX(CAGR!$J:$J, MATCH($A27&"|"&$B$2, CAGR!$Q:$Q, 0)), NA()) | R27: =IFERROR(1*INDEX(CAGR!$K:$K, MATCH($A27&"|"&$B$2, CAGR!$Q:$Q, 0)), NA()) | S27: 1 | T27: NA() | V27: =IFERROR(1*INDEX(CAGR!$N:$N, MATCH($A27&"|"&$B$2, CAGR!$Q:$Q, 0)), NA()) | X27: =IF(AND(ISNUMBER(Q27),ISNUMBER(V27)),Q27+V27,NA()) | Z27: Africa | AA27: ZAR | AC27: =IFERROR(INDEX(Lists!$J$2:$J$42, MATCH($B27, Lists!$I$2:$I$42, 0)),"") | AD27: =IFERROR(INDEX(Lists!$K$2:$K$42, MATCH($B27, Lists!$I$2:$I$42, 0)),"")
A28: South Korea | B28: CSKR.L | C28: =IFERROR(1*INDEX(CAGR!$I:$I, MATCH($A28&"|"&$B$2, CAGR!$Q:$Q, 0)), NA()) | D28: =IFERROR(1*INDEX(CAGR!$F:$F, MATCH($A28&"|"&$B28&"|"&$B$2, CAGR!$P:$P, 0)), NA()) | E28: =IFERROR(INDEX(MSCI!$B:$E, MATCH("South Korea", MSCI!$A:$A, 0), MATCH($B$2, MSCI!$B$1:$E$1, 0)), NA()) | F28: =IF(AND(ISNUMBER(C28),ISNUMBER(D28)),C28-D28,NA()) | G28: =IFERROR((( (1+INDEX(Annual!$H:$H, MATCH($A28&"|2026", Annual!$K:$K, 0))/100)*(1+INDEX(Annual!$H:$H, MATCH($A28&"|2027", Annual!$K:$K, 0))/100)*(1+INDEX(Annual!$H:$H, MATCH($A28&"|2028", Annual!$K:$K, 0))/100) )^(1/3)-1)*100, NA()) | H28: =IFERROR(INDEX(Crude_Oil_Impact!$H:$H, MATCH($A28, Crude_Oil_Impact!$A:$A, 0)), NA()) | I28: =IFERROR(INDEX(REER_Data!$C:$C, MATCH($A28, REER_Data!$A:$A, 0)), NA()) | J28: =IFERROR(INDEX(REER_Data!$E:$E, MATCH($A28, REER_Data!$A:$A, 0)) / 100, NA()) | K28: NA() | M28: 1858572000000 | N28: =IFERROR(1*INDEX(CAGR!$H:$H, MATCH($A28&"|"&$B$2, CAGR!$Q:$Q, 0)), NA()) | O28: =IFERROR(1*INDEX(CAGR!$G:$G, MATCH($A28&"|"&$B$2, CAGR!$Q:$Q, 0)), NA()) | Q28: =IFERROR(1*INDEX(CAGR!$J:$J, MATCH($A28&"|"&$B$2, CAGR!$Q:$Q, 0)), NA()) | R28: =IFERROR(1*INDEX(CAGR!$K:$K, MATCH($A28&"|"&$B$2, CAGR!$Q:$Q, 0)), NA()) | S28: 1 | T28: NA() | V28: =IFERROR(1*INDEX(CAGR!$N:$N, MATCH($A28&"|"&$B$2, CAGR!$Q:$Q, 0)), NA()) | X28: =IF(AND(ISNUMBER(Q28),ISNUMBER(V28)),Q28+V28,NA()) | Z28: Asia | AA28: KRW | AC28: =IFERROR(INDEX(Lists!$J$2:$J$42, MATCH($B28, Lists!$I$2:$I$42, 0)),"") | AD28: =IFERROR(INDEX(Lists!$K$2:$K$42, MATCH($B28, Lists!$I$2:$I$42, 0)),"")
A29: Spain | B29: XESP.DE | C29: =IFERROR(1*INDEX(CAGR!$I:$I, MATCH($A29&"|"&$B$2, CAGR!$Q:$Q, 0)), NA()) | D29: =IFERROR(1*INDEX(CAGR!$F:$F, MATCH($A29&"|"&$B29&"|"&$B$2, CAGR!$P:$P, 0)), NA()) | E29: =IFERROR(INDEX(MSCI!$B:$E, MATCH("Spain", MSCI!$A:$A, 0), MATCH($B$2, MSCI!$B$1:$E$1, 0)), NA()) | F29: =IF(AND(ISNUMBER(C29),ISNUMBER(D29)),C29-D29,NA()) | G29: =IFERROR((( (1+INDEX(Annual!$H:$H, MATCH($A29&"|2026", Annual!$K:$K, 0))/100)*(1+INDEX(Annual!$H:$H, MATCH($A29&"|2027", Annual!$K:$K, 0))/100)*(1+INDEX(Annual!$H:$H, MATCH($A29&"|2028", Annual!$K:$K, 0))/100) )^(1/3)-1)*100, NA()) | H29: =IFERROR(INDEX(Crude_Oil_Impact!$H:$H, MATCH($A29, Crude_Oil_Impact!$A:$A, 0)), NA()) | I29: =IFERROR(INDEX(REER_Data!$C:$C, MATCH($A29, REER_Data!$A:$A, 0)), NA()) | J29: =IFERROR(INDEX(REER_Data!$E:$E, MATCH($A29, REER_Data!$A:$A, 0)) / 100, NA()) | K29: NA() | M29: 1891371000000 | N29: =IFERROR(1*INDEX(CAGR!$H:$H, MATCH($A29&"|"&$B$2, CAGR!$Q:$Q, 0)), NA()) | O29: =IFERROR(1*INDEX(CAGR!$G:$G, MATCH($A29&"|"&$B$2, CAGR!$Q:$Q, 0)), NA()) | Q29: =IFERROR(1*INDEX(CAGR!$J:$J, MATCH($A29&"|"&$B$2, CAGR!$Q:$Q, 0)), NA()) | R29: =IFERROR(1*INDEX(CAGR!$K:$K, MATCH($A29&"|"&$B$2, CAGR!$Q:$Q, 0)), NA()) | S29: 0.87279998 | T29: NA() | V29: =IFERROR(1*INDEX(CAGR!$N:$N, MATCH($A29&"|"&$B$2, CAGR!$Q:$Q, 0)), NA()) | X29: =IF(AND(ISNUMBER(Q29),ISNUMBER(V29)),Q29+V29,NA()) | Z29: Europe | AA29: EUR | AC29: =IFERROR(INDEX(Lists!$J$2:$J$42, MATCH($B29, Lists!$I$2:$I$42, 0)),"") | AD29: =IFERROR(INDEX(Lists!$K$2:$K$42, MATCH($B29, Lists!$I$2:$I$42, 0)),"")
A30: Sweden | B30: EWD | C30: =IFERROR(1*INDEX(CAGR!$I:$I, MATCH($A30&"|"&$B$2, CAGR!$Q:$Q, 0)), NA()) | D30: =IFERROR(1*INDEX(CAGR!$F:$F, MATCH($A30&"|"&$B30&"|"&$B$2, CAGR!$P:$P, 0)), NA()) | E30: =IFERROR(INDEX(MSCI!$B:$E, MATCH("Sweden", MSCI!$A:$A, 0), MATCH($B$2, MSCI!$B$1:$E$1, 0)), NA()) | F30: =IF(AND(ISNUMBER(C30),ISNUMBER(D30)),C30-D30,NA()) | G30: =IFERROR((( (1+INDEX(Annual!$H:$H, MATCH($A30&"|2026", Annual!$K:$K, 0))/100)*(1+INDEX(Annual!$H:$H, MATCH($A30&"|2027", Annual!$K:$K, 0))/100)*(1+INDEX(Annual!$H:$H, MATCH($A30&"|2028", Annual!$K:$K, 0))/100) )^(1/3)-1)*100, NA()) | H30: =IFERROR(INDEX(Crude_Oil_Impact!$H:$H, MATCH($A30, Crude_Oil_Impact!$A:$A, 0)), NA()) | I30: =IFERROR(INDEX(REER_Data!$C:$C, MATCH($A30, REER_Data!$A:$A, 0)), NA()) | J30: =IFERROR(INDEX(REER_Data!$E:$E, MATCH($A30, REER_Data!$A:$A, 0)) / 100, NA()) | K30: NA() | M30: 662318000000 | N30: =IFERROR(1*INDEX(CAGR!$H:$H, MATCH($A30&"|"&$B$2, CAGR!$Q:$Q, 0)), NA()) | O30: =IFERROR(1*INDEX(CAGR!$G:$G, MATCH($A30&"|"&$B$2, CAGR!$Q:$Q, 0)), NA()) | Q30: =IFERROR(1*INDEX(CAGR!$J:$J, MATCH($A30&"|"&$B$2, CAGR!$Q:$Q, 0)), NA()) | R30: =IFERROR(1*INDEX(CAGR!$K:$K, MATCH($A30&"|"&$B$2, CAGR!$Q:$Q, 0)), NA()) | S30: 1 | T30: NA() | V30: =IFERROR(1*INDEX(CAGR!$N:$N, MATCH($A30&"|"&$B$2, CAGR!$Q:$Q, 0)), NA()) | X30: =IF(AND(ISNUMBER(Q30),ISNUMBER(V30)),Q30+V30,NA()) | Z30: Europe | AA30: SEK | AC30: =IFERROR(INDEX(Lists!$J$2:$J$42, MATCH($B30, Lists!$I$2:$I$42, 0)),"") | AD30: =IFERROR(INDEX(Lists!$K$2:$K$42, MATCH($B30, Lists!$I$2:$I$42, 0)),"")
A31: Switzerland | B31: EWL | C31: =IFERROR(1*INDEX(CAGR!$I:$I, MATCH($A31&"|"&$B$2, CAGR!$Q:$Q, 0)), NA()) | D31: =IFERROR(1*INDEX(CAGR!$F:$F, MATCH($A31&"|"&$B31&"|"&$B$2, CAGR!$P:$P, 0)), NA()) | E31: =IFERROR(INDEX(MSCI!$B:$E, MATCH("Switzerland", MSCI!$A:$A, 0), MATCH($B$2, MSCI!$B$1:$E$1, 0)), NA()) | F31: =IF(AND(ISNUMBER(C31),ISNUMBER(D31)),C31-D31,NA()) | G31: =IFERROR((( (1+INDEX(Annual!$H:$H, MATCH($A31&"|2026", Annual!$K:$K, 0))/100)*(1+INDEX(Annual!$H:$H, MATCH($A31&"|2027", Annual!$K:$K, 0))/100)*(1+INDEX(Annual!$H:$H, MATCH($A31&"|2028", Annual!$K:$K, 0))/100) )^(1/3)-1)*100, NA()) | H31: =IFERROR(INDEX(Crude_Oil_Impact!$H:$H, MATCH($A31, Crude_Oil_Impact!$A:$A, 0)), NA()) | I31: =IFERROR(INDEX(REER_Data!$C:$C, MATCH($A31, REER_Data!$A:$A, 0)), NA()) | J31: =IFERROR(INDEX(REER_Data!$E:$E, MATCH($A31, REER_Data!$A:$A, 0)) / 100, NA()) | K31: NA() | M31: 1002666000000 | N31: =IFERROR(1*INDEX(CAGR!$H:$H, MATCH($A31&"|"&$B$2, CAGR!$Q:$Q, 0)), NA()) | O31: =IFERROR(1*INDEX(CAGR!$G:$G, MATCH($A31&"|"&$B$2, CAGR!$Q:$Q, 0)), NA()) | Q31: =IFERROR(1*INDEX(CAGR!$J:$J, MATCH($A31&"|"&$B$2, CAGR!$Q:$Q, 0)), NA()) | R31: =IFERROR(1*INDEX(CAGR!$K:$K, MATCH($A31&"|"&$B$2, CAGR!$Q:$Q, 0)), NA()) | S31: 0.87279998 | T31: NA() | V31: =IFERROR(1*INDEX(CAGR!$N:$N, MATCH($A31&"|"&$B$2, CAGR!$Q:$Q, 0)), NA()) | X31: =IF(AND(ISNUMBER(Q31),ISNUMBER(V31)),Q31+V31,NA()) | Z31: Europe | AA31: CHF | AC31: =IFERROR(INDEX(Lists!$J$2:$J$42, MATCH($B31, Lists!$I$2:$I$42, 0)),"") | AD31: =IFERROR(INDEX(Lists!$K$2:$K$42, MATCH($B31, Lists!$I$2:$I$42, 0)),"")
A32: Taiwan | B32: XMTW.L | C32: =IFERROR(1*INDEX(CAGR!$I:$I, MATCH($A32&"|"&$B$2, CAGR!$Q:$Q, 0)), NA()) | D32: =IFERROR(1*INDEX(CAGR!$F:$F, MATCH($A32&"|"&$B32&"|"&$B$2, CAGR!$P:$P, 0)), NA()) | E32: =IFERROR(INDEX(MSCI!$B:$E, MATCH("Taiwan", MSCI!$A:$A, 0), MATCH($B$2, MSCI!$B$1:$E$1, 0)), NA()) | F32: =IF(AND(ISNUMBER(C32),ISNUMBER(D32)),C32-D32,NA()) | G32: =IFERROR((( (1+INDEX(Annual!$H:$H, MATCH($A32&"|2026", Annual!$K:$K, 0))/100)*(1+INDEX(Annual!$H:$H, MATCH($A32&"|2027", Annual!$K:$K, 0))/100)*(1+INDEX(Annual!$H:$H, MATCH($A32&"|2028", Annual!$K:$K, 0))/100) )^(1/3)-1)*100, NA()) | H32: =IFERROR(INDEX(Crude_Oil_Impact!$H:$H, MATCH($A32, Crude_Oil_Impact!$A:$A, 0)), NA()) | I32: =IFERROR(INDEX(REER_Data!$C:$C, MATCH($A32, REER_Data!$A:$A, 0)), NA()) | J32: =IFERROR(INDEX(REER_Data!$E:$E, MATCH($A32, REER_Data!$A:$A, 0)) / 100, NA()) | K32: NA() | M32: 884387000000 | N32: =IFERROR(1*INDEX(CAGR!$H:$H, MATCH($A32&"|"&$B$2, CAGR!$Q:$Q, 0)), NA()) | O32: =IFERROR(1*INDEX(CAGR!$G:$G, MATCH($A32&"|"&$B$2, CAGR!$Q:$Q, 0)), NA()) | Q32: =IFERROR(1*INDEX(CAGR!$J:$J, MATCH($A32&"|"&$B$2, CAGR!$Q:$Q, 0)), NA()) | R32: =IFERROR(1*INDEX(CAGR!$K:$K, MATCH($A32&"|"&$B$2, CAGR!$Q:$Q, 0)), NA()) | T32: NA() | V32: =IFERROR(1*INDEX(CAGR!$N:$N, MATCH($A32&"|"&$B$2, CAGR!$Q:$Q, 0)), NA()) | X32: =IF(AND(ISNUMBER(Q32),ISNUMBER(V32)),Q32+V32,NA()) | Z32: Asia | AA32: TWD | AC32: =IFERROR(INDEX(Lists!$J$2:$J$42, MATCH($B32, Lists!$I$2:$I$42, 0)),"") | AD32: =IFERROR(INDEX(Lists!$K$2:$K$42, MATCH($B32, Lists!$I$2:$I$42, 0)),"")
A33: Thailand | B33: XCX4.L | C33: =IFERROR(1*INDEX(CAGR!$I:$I, MATCH($A33&"|"&$B$2, CAGR!$Q:$Q, 0)), NA()) | D33: =IFERROR(1*INDEX(CAGR!$F:$F, MATCH($A33&"|"&$B33&"|"&$B$2, CAGR!$P:$P, 0)), NA()) | E33: =IFERROR(INDEX(MSCI!$B:$E, MATCH("Thailand", MSCI!$A:$A, 0), MATCH($B$2, MSCI!$B$1:$E$1, 0)), NA()) | F33: =IF(AND(ISNUMBER(C33),ISNUMBER(D33)),C33-D33,NA()) | G33: =IFERROR((( (1+INDEX(Annual!$H:$H, MATCH($A33&"|2026", Annual!$K:$K, 0))/100)*(1+INDEX(Annual!$H:$H, MATCH($A33&"|2027", Annual!$K:$K, 0))/100)*(1+INDEX(Annual!$H:$H, MATCH($A33&"|2028", Annual!$K:$K, 0))/100) )^(1/3)-1)*100, NA()) | H33: =IFERROR(INDEX(Crude_Oil_Impact!$H:$H, MATCH($A33, Crude_Oil_Impact!$A:$A, 0)), NA()) | I33: =IFERROR(INDEX(REER_Data!$C:$C, MATCH($A33, REER_Data!$A:$A, 0)), NA()) | J33: =IFERROR(INDEX(REER_Data!$E:$E, MATCH($A33, REER_Data!$A:$A, 0)) / 100, NA()) | K33: NA() | M33: 558573000000 | N33: =IFERROR(1*INDEX(CAGR!$H:$H, MATCH($A33&"|"&$B$2, CAGR!$Q:$Q, 0)), NA()) | O33: =IFERROR(1*INDEX(CAGR!$G:$G, MATCH($A33&"|"&$B$2, CAGR!$Q:$Q, 0)), NA()) | Q33: =IFERROR(1*INDEX(CAGR!$J:$J, MATCH($A33&"|"&$B$2, CAGR!$Q:$Q, 0)), NA()) | R33: =IFERROR(1*INDEX(CAGR!$K:$K, MATCH($A33&"|"&$B$2, CAGR!$Q:$Q, 0)), NA()) | T33: NA() | V33: =IFERROR(1*INDEX(CAGR!$N:$N, MATCH($A33&"|"&$B$2, CAGR!$Q:$Q, 0)), NA()) | X33: =IF(AND(ISNUMBER(Q33),ISNUMBER(V33)),Q33+V33,NA()) | Z33: Asia | AA33: THB | AC33: =IFERROR(INDEX(Lists!$J$2:$J$42, MATCH($B33, Lists!$I$2:$I$42, 0)),"") | AD33: =IFERROR(INDEX(Lists!$K$2:$K$42, MATCH($B33, Lists!$I$2:$I$42, 0)),"")
A34: Turkey | B34: TUR | C34: =IFERROR(1*INDEX(CAGR!$I:$I, MATCH($A34&"|"&$B$2, CAGR!$Q:$Q, 0)), NA()) | D34: =IFERROR(1*INDEX(CAGR!$F:$F, MATCH($A34&"|"&$B34&"|"&$B$2, CAGR!$P:$P, 0)), NA()) | E34: =IFERROR(INDEX(MSCI!$B:$E, MATCH("Turkey", MSCI!$A:$A, 0), MATCH($B$2, MSCI!$B$1:$E$1, 0)), NA()) | F34: =IF(AND(ISNUMBER(C34),ISNUMBER(D34)),C34-D34,NA()) | G34: =IFERROR((( (1+INDEX(Annual!$H:$H, MATCH($A34&"|2026", Annual!$K:$K, 0))/100)*(1+INDEX(Annual!$H:$H, MATCH($A34&"|2027", Annual!$K:$K, 0))/100)*(1+INDEX(Annual!$H:$H, MATCH($A34&"|2028", Annual!$K:$K, 0))/100) )^(1/3)-1)*100, NA()) | H34: =IFERROR(INDEX(Crude_Oil_Impact!$H:$H, MATCH($A34, Crude_Oil_Impact!$A:$A, 0)), NA()) | I34: =IFERROR(INDEX(REER_Data!$C:$C, MATCH($A34, REER_Data!$A:$A, 0)), NA()) | J34: =IFERROR(INDEX(REER_Data!$E:$E, MATCH($A34, REER_Data!$A:$A, 0)) / 100, NA()) | K34: NA() | M34: 1565471000000 | N34: =IFERROR(1*INDEX(CAGR!$H:$H, MATCH($A34&"|"&$B$2, CAGR!$Q:$Q, 0)), NA()) | O34: =IFERROR(1*INDEX(CAGR!$G:$G, MATCH($A34&"|"&$B$2, CAGR!$Q:$Q, 0)), NA()) | Q34: =IFERROR(1*INDEX(CAGR!$J:$J, MATCH($A34&"|"&$B$2, CAGR!$Q:$Q, 0)), NA()) | R34: =IFERROR(1*INDEX(CAGR!$K:$K, MATCH($A34&"|"&$B$2, CAGR!$Q:$Q, 0)), NA()) | S34: 1 | T34: NA() | V34: =IFERROR(1*INDEX(CAGR!$N:$N, MATCH($A34&"|"&$B$2, CAGR!$Q:$Q, 0)), NA()) | X34: =IF(AND(ISNUMBER(Q34),ISNUMBER(V34)),Q34+V34,NA()) | Z34: Europe | AA34: TRY | AC34: =IFERROR(INDEX(Lists!$J$2:$J$42, MATCH($B34, Lists!$I$2:$I$42, 0)),"") | AD34: =IFERROR(INDEX(Lists!$K$2:$K$42, MATCH($B34, Lists!$I$2:$I$42, 0)),"")
A35: United Kingdom | B35: CUKX.L | C35: =IFERROR(1*INDEX(CAGR!$I:$I, MATCH($A35&"|"&$B$2, CAGR!$Q:$Q, 0)), NA()) | D35: =IFERROR(1*INDEX(CAGR!$F:$F, MATCH($A35&"|"&$B35&"|"&$B$2, CAGR!$P:$P, 0)), NA()) | E35: =IFERROR(INDEX(MSCI!$B:$E, MATCH("United Kingdom", MSCI!$A:$A, 0), MATCH($B$2, MSCI!$B$1:$E$1, 0)), NA()) | F35: =IF(AND(ISNUMBER(C35),ISNUMBER(D35)),C35-D35,NA()) | G35: =IFERROR((( (1+INDEX(Annual!$H:$H, MATCH($A35&"|2026", Annual!$K:$K, 0))/100)*(1+INDEX(Annual!$H:$H, MATCH($A35&"|2027", Annual!$K:$K, 0))/100)*(1+INDEX(Annual!$H:$H, MATCH($A35&"|2028", Annual!$K:$K, 0))/100) )^(1/3)-1)*100, NA()) | H35: =IFERROR(INDEX(Crude_Oil_Impact!$H:$H, MATCH($A35, Crude_Oil_Impact!$A:$A, 0)), NA()) | I35: =IFERROR(INDEX(REER_Data!$C:$C, MATCH($A35, REER_Data!$A:$A, 0)), NA()) | J35: =IFERROR(INDEX(REER_Data!$E:$E, MATCH($A35, REER_Data!$A:$A, 0)) / 100, NA()) | K35: NA() | M35: 3958780000000 | N35: =IFERROR(1*INDEX(CAGR!$H:$H, MATCH($A35&"|"&$B$2, CAGR!$Q:$Q, 0)), NA()) | O35: =IFERROR(1*INDEX(CAGR!$G:$G, MATCH($A35&"|"&$B$2, CAGR!$Q:$Q, 0)), NA()) | Q35: =IFERROR(1*INDEX(CAGR!$J:$J, MATCH($A35&"|"&$B$2, CAGR!$Q:$Q, 0)), NA()) | R35: =IFERROR(1*INDEX(CAGR!$K:$K, MATCH($A35&"|"&$B$2, CAGR!$Q:$Q, 0)), NA()) | T35: NA() | V35: =IFERROR(1*INDEX(CAGR!$N:$N, MATCH($A35&"|"&$B$2, CAGR!$Q:$Q, 0)), NA()) | X35: =IF(AND(ISNUMBER(Q35),ISNUMBER(V35)),Q35+V35,NA()) | Z35: Europe | AA35: GBP | AC35: =IFERROR(INDEX(Lists!$J$2:$J$42, MATCH($B35, Lists!$I$2:$I$42, 0)),"") | AD35: =IFERROR(INDEX(Lists!$K$2:$K$42, MATCH($B35, Lists!$I$2:$I$42, 0)),"")
A36: United States | B36: CSUS.L | C36: =IFERROR(1*INDEX(CAGR!$I:$I, MATCH($A36&"|"&$B$2, CAGR!$Q:$Q, 0)), NA()) | D36: =IFERROR(1*INDEX(CAGR!$F:$F, MATCH($A36&"|"&$B36&"|"&$B$2, CAGR!$P:$P, 0)), NA()) | E36: =IFERROR(INDEX(MSCI!$B:$E, MATCH("United States", MSCI!$A:$A, 0), MATCH($B$2, MSCI!$B$1:$E$1, 0)), NA()) | F36: =IF(AND(ISNUMBER(C36),ISNUMBER(D36)),C36-D36,NA()) | G36: =IFERROR((( (1+INDEX(Annual!$H:$H, MATCH($A36&"|2026", Annual!$K:$K, 0))/100)*(1+INDEX(Annual!$H:$H, MATCH($A36&"|2027", Annual!$K:$K, 0))/100)*(1+INDEX(Annual!$H:$H, MATCH($A36&"|2028", Annual!$K:$K, 0))/100) )^(1/3)-1)*100, NA()) | H36: =IFERROR(INDEX(Crude_Oil_Impact!$H:$H, MATCH($A36, Crude_Oil_Impact!$A:$A, 0)), NA()) | I36: =IFERROR(INDEX(REER_Data!$C:$C, MATCH($A36, REER_Data!$A:$A, 0)), NA()) | J36: =IFERROR(INDEX(REER_Data!$E:$E, MATCH($A36, REER_Data!$A:$A, 0)) / 100, NA()) | K36: NA() | M36: 30615743000000 | N36: =IFERROR(1*INDEX(CAGR!$H:$H, MATCH($A36&"|"&$B$2, CAGR!$Q:$Q, 0)), NA()) | O36: =IFERROR(1*INDEX(CAGR!$G:$G, MATCH($A36&"|"&$B$2, CAGR!$Q:$Q, 0)), NA()) | Q36: =IFERROR(1*INDEX(CAGR!$J:$J, MATCH($A36&"|"&$B$2, CAGR!$Q:$Q, 0)), NA()) | R36: =IFERROR(1*INDEX(CAGR!$K:$K, MATCH($A36&"|"&$B$2, CAGR!$Q:$Q, 0)), NA()) | S36: 1 | T36: NA() | V36: =IFERROR(1*INDEX(CAGR!$N:$N, MATCH($A36&"|"&$B$2, CAGR!$Q:$Q, 0)), NA()) | X36: =IF(AND(ISNUMBER(Q36),ISNUMBER(V36)),Q36+V36,NA()) | Z36: North America | AA36: USD | AC36: =IFERROR(INDEX(Lists!$J$2:$J$42, MATCH($B36, Lists!$I$2:$I$42, 0)),"") | AD36: =IFERROR(INDEX(Lists!$K$2:$K$42, MATCH($B36, Lists!$I$2:$I$42, 0)),"")
A37: Vietnam | B37: XFVT.L | C37: =IFERROR(1*INDEX(CAGR!$I:$I, MATCH($A37&"|"&$B$2, CAGR!$Q:$Q, 0)), NA()) | D37: =IFERROR(1*INDEX(CAGR!$F:$F, MATCH($A37&"|"&$B37&"|"&$B$2, CAGR!$P:$P, 0)), NA()) | E37: =IFERROR(INDEX(MSCI!$B:$E, MATCH("Vietnam", MSCI!$A:$A, 0), MATCH($B$2, MSCI!$B$1:$E$1, 0)), NA()) | F37: =IF(AND(ISNUMBER(C37),ISNUMBER(D37)),C37-D37,NA()) | G37: =IFERROR((( (1+INDEX(Annual!$H:$H, MATCH($A37&"|2026", Annual!$K:$K, 0))/100)*(1+INDEX(Annual!$H:$H, MATCH($A37&"|2027", Annual!$K:$K, 0))/100)*(1+INDEX(Annual!$H:$H, MATCH($A37&"|2028", Annual!$K:$K, 0))/100) )^(1/3)-1)*100, NA()) | H37: =IFERROR(INDEX(Crude_Oil_Impact!$H:$H, MATCH($A37, Crude_Oil_Impact!$A:$A, 0)), NA()) | I37: =IFERROR(INDEX(REER_Data!$C:$C, MATCH($A37, REER_Data!$A:$A, 0)), NA()) | J37: =IFERROR(INDEX(REER_Data!$E:$E, MATCH($A37, REER_Data!$A:$A, 0)) / 100, NA()) | K37: NA() | M37: 484726000000 | N37: =IFERROR(1*INDEX(CAGR!$H:$H, MATCH($A37&"|"&$B$2, CAGR!$Q:$Q, 0)), NA()) | O37: =IFERROR(1*INDEX(CAGR!$G:$G, MATCH($A37&"|"&$B$2, CAGR!$Q:$Q, 0)), NA()) | Q37: =IFERROR(1*INDEX(CAGR!$J:$J, MATCH($A37&"|"&$B$2, CAGR!$Q:$Q, 0)), NA()) | R37: =IFERROR(1*INDEX(CAGR!$K:$K, MATCH($A37&"|"&$B$2, CAGR!$Q:$Q, 0)), NA()) | T37: NA() | V37: =IFERROR(1*INDEX(CAGR!$N:$N, MATCH($A37&"|"&$B$2, CAGR!$Q:$Q, 0)), NA()) | X37: =IF(AND(ISNUMBER(Q37),ISNUMBER(V37)),Q37+V37,NA()) | Z37: Asia | AA37: VND | AC37: =IFERROR(INDEX(Lists!$J$2:$J$42, MATCH($B37, Lists!$I$2:$I$42, 0)),"") | AD37: =IFERROR(INDEX(Lists!$K$2:$K$42, MATCH($B37, Lists!$I$2:$I$42, 0)),"")

Sheet Country Focus
A1: Country Focus Dashboard
A2: Country | B2: Australia
A3: Ticker | B3: =IFERROR(INDEX(Lists!$D:$D, MATCH($B$2, Lists!$C:$C, 0)),"")
A4: As-of Date | B4: =IFERROR(INDEX(ETF_Timeframes!$F:$F, MATCH($B$2&"|"&$B$3&"|MAX", ETF_Timeframes!$I:$I, 0)),"")
A5: Ticker Currency | B5: =IFERROR(INDEX(Lists!$K$2:$K$42, MATCH($B$3, Lists!$I$2:$I$42, 0)),"")
A6: Ticker Exchange | B6: =IFERROR(INDEX(Lists!$J$2:$J$42, MATCH($B$3, Lists!$I$2:$I$42, 0)),"")
A8: ETF Cumulative returns
A9: Timeframe | B9: ETF Return (USD) % | C9: =IF($B$5<>"USD","ETF Return (" & $B$5 & ") %","") | D9: Start Date
A10: YTD | B10: =IFERROR(INDEX(ETF_Timeframes!$H:$H, MATCH($B$2&"|"&$B$3&"|"&$A10, ETF_Timeframes!$I:$I, 0)), "") | C10: =IF($B$5<>"USD", IFERROR(INDEX(ETF_Timeframes!$G:$G, MATCH($B$2&"|"&$B$3&"|"&$A10, ETF_Timeframes!$I:$I, 0)), ""), "") | D10: =IFERROR(INDEX(ETF_Timeframes!$E:$E, MATCH($B$2&"|"&$B$3&"|"&$A10, ETF_Timeframes!$I:$I, 0)),"")
A11: 1 Month | B11: =IFERROR(INDEX(ETF_Timeframes!$H:$H, MATCH($B$2&"|"&$B$3&"|"&$A11, ETF_Timeframes!$I:$I, 0)), "") | C11: =IF($B$5<>"USD", IFERROR(INDEX(ETF_Timeframes!$G:$G, MATCH($B$2&"|"&$B$3&"|"&$A11, ETF_Timeframes!$I:$I, 0)), ""), "") | D11: =IFERROR(INDEX(ETF_Timeframes!$E:$E, MATCH($B$2&"|"&$B$3&"|"&$A11, ETF_Timeframes!$I:$I, 0)),"")
A12: 3 Months | B12: =IFERROR(INDEX(ETF_Timeframes!$H:$H, MATCH($B$2&"|"&$B$3&"|"&$A12, ETF_Timeframes!$I:$I, 0)), "") | C12: =IF($B$5<>"USD", IFERROR(INDEX(ETF_Timeframes!$G:$G, MATCH($B$2&"|"&$B$3&"|"&$A12, ETF_Timeframes!$I:$I, 0)), ""), "") | D12: =IFERROR(INDEX(ETF_Timeframes!$E:$E, MATCH($B$2&"|"&$B$3&"|"&$A12, ETF_Timeframes!$I:$I, 0)),"")
A13: 6 Months | B13: =IFERROR(INDEX(ETF_Timeframes!$H:$H, MATCH($B$2&"|"&$B$3&"|"&$A13, ETF_Timeframes!$I:$I, 0)), "") | C13: =IF($B$5<>"USD", IFERROR(INDEX(ETF_Timeframes!$G:$G, MATCH($B$2&"|"&$B$3&"|"&$A13, ETF_Timeframes!$I:$I, 0)), ""), "") | D13: =IFERROR(INDEX(ETF_Timeframes!$E:$E, MATCH($B$2&"|"&$B$3&"|"&$A13, ETF_Timeframes!$I:$I, 0)),"")
A14: 1 Year | B14: =IFERROR(INDEX(ETF_Timeframes!$H:$H, MATCH($B$2&"|"&$B$3&"|"&$A14, ETF_Timeframes!$I:$I, 0)), "") | C14: =IF($B$5<>"USD", IFERROR(INDEX(ETF_Timeframes!$G:$G, MATCH($B$2&"|"&$B$3&"|"&$A14, ETF_Timeframes!$I:$I, 0)), ""), "") | D14: =IFERROR(INDEX(ETF_Timeframes!$E:$E, MATCH($B$2&"|"&$B$3&"|"&$A14, ETF_Timeframes!$I:$I, 0)),"")
A15: 3 Years | B15: =IFERROR(INDEX(ETF_Timeframes!$H:$H, MATCH($B$2&"|"&$B$3&"|"&$A15, ETF_Timeframes!$I:$I, 0)), "") | C15: =IF($B$5<>"USD", IFERROR(INDEX(ETF_Timeframes!$G:$G, MATCH($B$2&"|"&$B$3&"|"&$A15, ETF_Timeframes!$I:$I, 0)), ""), "") | D15: =IFERROR(INDEX(ETF_Timeframes!$E:$E, MATCH($B$2&"|"&$B$3&"|"&$A15, ETF_Timeframes!$I:$I, 0)),"")
A16: 5 Years | B16: =IFERROR(INDEX(ETF_Timeframes!$H:$H, MATCH($B$2&"|"&$B$3&"|"&$A16, ETF_Timeframes!$I:$I, 0)), "") | C16: =IF($B$5<>"USD", IFERROR(INDEX(ETF_Timeframes!$G:$G, MATCH($B$2&"|"&$B$3&"|"&$A16, ETF_Timeframes!$I:$I, 0)), ""), "") | D16: =IFERROR(INDEX(ETF_Timeframes!$E:$E, MATCH($B$2&"|"&$B$3&"|"&$A16, ETF_Timeframes!$I:$I, 0)),"")
A17: 10 Years | B17: =IFERROR(INDEX(ETF_Timeframes!$H:$H, MATCH($B$2&"|"&$B$3&"|"&$A17, ETF_Timeframes!$I:$I, 0)), "") | C17: =IF($B$5<>"USD", IFERROR(INDEX(ETF_Timeframes!$G:$G, MATCH($B$2&"|"&$B$3&"|"&$A17, ETF_Timeframes!$I:$I, 0)), ""), "") | D17: =IFERROR(INDEX(ETF_Timeframes!$E:$E, MATCH($B$2&"|"&$B$3&"|"&$A17, ETF_Timeframes!$I:$I, 0)),"")
A18: MAX | B18: =IFERROR(INDEX(ETF_Timeframes!$H:$H, MATCH($B$2&"|"&$B$3&"|"&$A18, ETF_Timeframes!$I:$I, 0)), "") | C18: =IF($B$5<>"USD", IFERROR(INDEX(ETF_Timeframes!$G:$G, MATCH($B$2&"|"&$B$3&"|"&$A18, ETF_Timeframes!$I:$I, 0)), ""), "") | D18: =IFERROR(INDEX(ETF_Timeframes!$E:$E, MATCH($B$2&"|"&$B$3&"|"&$A18, ETF_Timeframes!$I:$I, 0)),"")
A22: Annual ETF vs GDP + FX Decomposition (Last 10 Years, %)
A23: Year | B23: Nominal GDP Growth (USD) % | C23: ETF Return (USD) % | D23: Macro Disconnect % | F23: Real GDP Growth % | G23: Nominal GDP Growth (LCU) % | H23: =IF($B$5<>"USD","ETF Return (" & $B$5 & ") %","") | I23: =IF($B$5<>"USD","FX Change (vs USD) %","") | J23: WEO LCU Return vs USD % | K23: =IF($B$5<>"USD","Jan 1st FX Change %","")
A24: 2016 | B24: =IFERROR(1*INDEX(Annual!$H:$H, MATCH($B$2&"|"&$A24, Annual!$K:$K, 0)), NA()) | C24: =IFERROR(1*INDEX(Annual!$P:$P, MATCH($B$2&"|"&$B$3&"|"&$A24, Annual!$J:$J, 0)), NA()) | D24: =IF(AND(ISNUMBER(B24),ISNUMBER(C24),C24<>0),B24-C24,NA()) | F24: =IFERROR(1*INDEX(Annual!$F:$F, MATCH($B$2&"|"&$A24, Annual!$K:$K, 0)), NA()) | G24: =IFERROR(1*INDEX(Annual!$G:$G, MATCH($B$2&"|"&$A24, Annual!$K:$K, 0)), NA()) | H24: =IF($B$5<>"USD",IFERROR(1*INDEX(Annual!$E:$E, MATCH($B$2&"|"&$B$3&"|"&$A24, Annual!$J:$J, 0)), NA()),"") | I24: =IF($B$5<>"USD",IFERROR(1*INDEX(Annual!$N:$N, MATCH($B$2&"|"&$B$3&"|"&$A24, Annual!$J:$J, 0)), NA()),"") | J24: =IFERROR(1*INDEX(Annual!$Q:$Q, MATCH($B$2&"|"&$A24, Annual!$K:$K, 0)), NA()) | K24: =IF($B$5<>"USD",IFERROR(1*INDEX(Annual!$O:$O, MATCH($B$2&"|"&$B$3&"|"&$A24, Annual!$J:$J, 0)), NA()),"")
A25: 2017 | B25: =IFERROR(1*INDEX(Annual!$H:$H, MATCH($B$2&"|"&$A25, Annual!$K:$K, 0)), NA()) | C25: =IFERROR(1*INDEX(Annual!$P:$P, MATCH($B$2&"|"&$B$3&"|"&$A25, Annual!$J:$J, 0)), NA()) | D25: =IF(AND(ISNUMBER(B25),ISNUMBER(C25),C25<>0),B25-C25,NA()) | F25: =IFERROR(1*INDEX(Annual!$F:$F, MATCH($B$2&"|"&$A25, Annual!$K:$K, 0)), NA()) | G25: =IFERROR(1*INDEX(Annual!$G:$G, MATCH($B$2&"|"&$A25, Annual!$K:$K, 0)), NA()) | H25: =IF($B$5<>"USD",IFERROR(1*INDEX(Annual!$E:$E, MATCH($B$2&"|"&$B$3&"|"&$A25, Annual!$J:$J, 0)), NA()),"") | I25: =IF($B$5<>"USD",IFERROR(1*INDEX(Annual!$N:$N, MATCH($B$2&"|"&$B$3&"|"&$A25, Annual!$J:$J, 0)), NA()),"") | J25: =IFERROR(1*INDEX(Annual!$Q:$Q, MATCH($B$2&"|"&$A25, Annual!$K:$K, 0)), NA()) | K25: =IF($B$5<>"USD",IFERROR(1*INDEX(Annual!$O:$O, MATCH($B$2&"|"&$B$3&"|"&$A25, Annual!$J:$J, 0)), NA()),"")
A26: 2018 | B26: =IFERROR(1*INDEX(Annual!$H:$H, MATCH($B$2&"|"&$A26, Annual!$K:$K, 0)), NA()) | C26: =IFERROR(1*INDEX(Annual!$P:$P, MATCH($B$2&"|"&$B$3&"|"&$A26, Annual!$J:$J, 0)), NA()) | D26: =IF(AND(ISNUMBER(B26),ISNUMBER(C26),C26<>0),B26-C26,NA()) | F26: =IFERROR(1*INDEX(Annual!$F:$F, MATCH($B$2&"|"&$A26, Annual!$K:$K, 0)), NA()) | G26: =IFERROR(1*INDEX(Annual!$G:$G, MATCH($B$2&"|"&$A26, Annual!$K:$K, 0)), NA()) | H26: =IF($B$5<>"USD",IFERROR(1*INDEX(Annual!$E:$E, MATCH($B$2&"|"&$B$3&"|"&$A26, Annual!$J:$J, 0)), NA()),"") | I26: =IF($B$5<>"USD",IFERROR(1*INDEX(Annual!$N:$N, MATCH($B$2&"|"&$B$3&"|"&$A26, Annual!$J:$J, 0)), NA()),"") | J26: =IFERROR(1*INDEX(Annual!$Q:$Q, MATCH($B$2&"|"&$A26, Annual!$K:$K, 0)), NA()) | K26: =IF($B$5<>"USD",IFERROR(1*INDEX(Annual!$O:$O, MATCH($B$2&"|"&$B$3&"|"&$A26, Annual!$J:$J, 0)), NA()),"")
A27: 2019 | B27: =IFERROR(1*INDEX(Annual!$H:$H, MATCH($B$2&"|"&$A27, Annual!$K:$K, 0)), NA()) | C27: =IFERROR(1*INDEX(Annual!$P:$P, MATCH($B$2&"|"&$B$3&"|"&$A27, Annual!$J:$J, 0)), NA()) | D27: =IF(AND(ISNUMBER(B27),ISNUMBER(C27),C27<>0),B27-C27,NA()) | F27: =IFERROR(1*INDEX(Annual!$F:$F, MATCH($B$2&"|"&$A27, Annual!$K:$K, 0)), NA()) | G27: =IFERROR(1*INDEX(Annual!$G:$G, MATCH($B$2&"|"&$A27, Annual!$K:$K, 0)), NA()) | H27: =IF($B$5<>"USD",IFERROR(1*INDEX(Annual!$E:$E, MATCH($B$2&"|"&$B$3&"|"&$A27, Annual!$J:$J, 0)), NA()),"") | I27: =IF($B$5<>"USD",IFERROR(1*INDEX(Annual!$N:$N, MATCH($B$2&"|"&$B$3&"|"&$A27, Annual!$J:$J, 0)), NA()),"") | J27: =IFERROR(1*INDEX(Annual!$Q:$Q, MATCH($B$2&"|"&$A27, Annual!$K:$K, 0)), NA()) | K27: =IF($B$5<>"USD",IFERROR(1*INDEX(Annual!$O:$O, MATCH($B$2&"|"&$B$3&"|"&$A27, Annual!$J:$J, 0)), NA()),"")
A28: 2020 | B28: =IFERROR(1*INDEX(Annual!$H:$H, MATCH($B$2&"|"&$A28, Annual!$K:$K, 0)), NA()) | C28: =IFERROR(1*INDEX(Annual!$P:$P, MATCH($B$2&"|"&$B$3&"|"&$A28, Annual!$J:$J, 0)), NA()) | D28: =IF(AND(ISNUMBER(B28),ISNUMBER(C28),C28<>0),B28-C28,NA()) | F28: =IFERROR(1*INDEX(Annual!$F:$F, MATCH($B$2&"|"&$A28, Annual!$K:$K, 0)), NA()) | G28: =IFERROR(1*INDEX(Annual!$G:$G, MATCH($B$2&"|"&$A28, Annual!$K:$K, 0)), NA()) | H28: =IF($B$5<>"USD",IFERROR(1*INDEX(Annual!$E:$E, MATCH($B$2&"|"&$B$3&"|"&$A28, Annual!$J:$J, 0)), NA()),"") | I28: =IF($B$5<>"USD",IFERROR(1*INDEX(Annual!$N:$N, MATCH($B$2&"|"&$B$3&"|"&$A28, Annual!$J:$J, 0)), NA()),"") | J28: =IFERROR(1*INDEX(Annual!$Q:$Q, MATCH($B$2&"|"&$A28, Annual!$K:$K, 0)), NA()) | K28: =IF($B$5<>"USD",IFERROR(1*INDEX(Annual!$O:$O, MATCH($B$2&"|"&$B$3&"|"&$A28, Annual!$J:$J, 0)), NA()),"")
A29: 2021 | B29: =IFERROR(1*INDEX(Annual!$H:$H, MATCH($B$2&"|"&$A29, Annual!$K:$K, 0)), NA()) | C29: =IFERROR(1*INDEX(Annual!$P:$P, MATCH($B$2&"|"&$B$3&"|"&$A29, Annual!$J:$J, 0)), NA()) | D29: =IF(AND(ISNUMBER(B29),ISNUMBER(C29),C29<>0),B29-C29,NA()) | F29: =IFERROR(1*INDEX(Annual!$F:$F, MATCH($B$2&"|"&$A29, Annual!$K:$K, 0)), NA()) | G29: =IFERROR(1*INDEX(Annual!$G:$G, MATCH($B$2&"|"&$A29, Annual!$K:$K, 0)), NA()) | H29: =IF($B$5<>"USD",IFERROR(1*INDEX(Annual!$E:$E, MATCH($B$2&"|"&$B$3&"|"&$A29, Annual!$J:$J, 0)), NA()),"") | I29: =IF($B$5<>"USD",IFERROR(1*INDEX(Annual!$N:$N, MATCH($B$2&"|"&$B$3&"|"&$A29, Annual!$J:$J, 0)), NA()),"") | J29: =IFERROR(1*INDEX(Annual!$Q:$Q, MATCH($B$2&"|"&$A29, Annual!$K:$K, 0)), NA()) | K29: =IF($B$5<>"USD",IFERROR(1*INDEX(Annual!$O:$O, MATCH($B$2&"|"&$B$3&"|"&$A29, Annual!$J:$J, 0)), NA()),"")
A30: 2022 | B30: =IFERROR(1*INDEX(Annual!$H:$H, MATCH($B$2&"|"&$A30, Annual!$K:$K, 0)), NA()) | C30: =IFERROR(1*INDEX(Annual!$P:$P, MATCH($B$2&"|"&$B$3&"|"&$A30, Annual!$J:$J, 0)), NA()) | D30: =IF(AND(ISNUMBER(B30),ISNUMBER(C30),C30<>0),B30-C30,NA()) | F30: =IFERROR(1*INDEX(Annual!$F:$F, MATCH($B$2&"|"&$A30, Annual!$K:$K, 0)), NA()) | G30: =IFERROR(1*INDEX(Annual!$G:$G, MATCH($B$2&"|"&$A30, Annual!$K:$K, 0)), NA()) | H30: =IF($B$5<>"USD",IFERROR(1*INDEX(Annual!$E:$E, MATCH($B$2&"|"&$B$3&"|"&$A30, Annual!$J:$J, 0)), NA()),"") | I30: =IF($B$5<>"USD",IFERROR(1*INDEX(Annual!$N:$N, MATCH($B$2&"|"&$B$3&"|"&$A30, Annual!$J:$J, 0)), NA()),"") | J30: =IFERROR(1*INDEX(Annual!$Q:$Q, MATCH($B$2&"|"&$A30, Annual!$K:$K, 0)), NA()) | K30: =IF($B$5<>"USD",IFERROR(1*INDEX(Annual!$O:$O, MATCH($B$2&"|"&$B$3&"|"&$A30, Annual!$J:$J, 0)), NA()),"")
A31: 2023 | B31: =IFERROR(1*INDEX(Annual!$H:$H, MATCH($B$2&"|"&$A31, Annual!$K:$K, 0)), NA()) | C31: =IFERROR(1*INDEX(Annual!$P:$P, MATCH($B$2&"|"&$B$3&"|"&$A31, Annual!$J:$J, 0)), NA()) | D31: =IF(AND(ISNUMBER(B31),ISNUMBER(C31),C31<>0),B31-C31,NA()) | F31: =IFERROR(1*INDEX(Annual!$F:$F, MATCH($B$2&"|"&$A31, Annual!$K:$K, 0)), NA()) | G31: =IFERROR(1*INDEX(Annual!$G:$G, MATCH($B$2&"|"&$A31, Annual!$K:$K, 0)), NA()) | H31: =IF($B$5<>"USD",IFERROR(1*INDEX(Annual!$E:$E, MATCH($B$2&"|"&$B$3&"|"&$A31, Annual!$J:$J, 0)), NA()),"") | I31: =IF($B$5<>"USD",IFERROR(1*INDEX(Annual!$N:$N, MATCH($B$2&"|"&$B$3&"|"&$A31, Annual!$J:$J, 0)), NA()),"") | J31: =IFERROR(1*INDEX(Annual!$Q:$Q, MATCH($B$2&"|"&$A31, Annual!$K:$K, 0)), NA()) | K31: =IF($B$5<>"USD",IFERROR(1*INDEX(Annual!$O:$O, MATCH($B$2&"|"&$B$3&"|"&$A31, Annual!$J:$J, 0)), NA()),"")
A32: 2024 | B32: =IFERROR(1*INDEX(Annual!$H:$H, MATCH($B$2&"|"&$A32, Annual!$K:$K, 0)), NA()) | C32: =IFERROR(1*INDEX(Annual!$P:$P, MATCH($B$2&"|"&$B$3&"|"&$A32, Annual!$J:$J, 0)), NA()) | D32: =IF(AND(ISNUMBER(B32),ISNUMBER(C32),C32<>0),B32-C32,NA()) | F32: =IFERROR(1*INDEX(Annual!$F:$F, MATCH($B$2&"|"&$A32, Annual!$K:$K, 0)), NA()) | G32: =IFERROR(1*INDEX(Annual!$G:$G, MATCH($B$2&"|"&$A32, Annual!$K:$K, 0)), NA()) | H32: =IF($B$5<>"USD",IFERROR(1*INDEX(Annual!$E:$E, MATCH($B$2&"|"&$B$3&"|"&$A32, Annual!$J:$J, 0)), NA()),"") | I32: =IF($B$5<>"USD",IFERROR(1*INDEX(Annual!$N:$N, MATCH($B$2&"|"&$B$3&"|"&$A32, Annual!$J:$J, 0)), NA()),"") | J32: =IFERROR(1*INDEX(Annual!$Q:$Q, MATCH($B$2&"|"&$A32, Annual!$K:$K, 0)), NA()) | K32: =IF($B$5<>"USD",IFERROR(1*INDEX(Annual!$O:$O, MATCH($B$2&"|"&$B$3&"|"&$A32, Annual!$J:$J, 0)), NA()),"")
A33: 2025 | B33: =IFERROR(1*INDEX(Annual!$H:$H, MATCH($B$2&"|"&$A33, Annual!$K:$K, 0)), NA()) | C33: =IFERROR(1*INDEX(Annual!$P:$P, MATCH($B$2&"|"&$B$3&"|"&$A33, Annual!$J:$J, 0)), NA()) | D33: =IF(AND(ISNUMBER(B33),ISNUMBER(C33),C33<>0),B33-C33,NA()) | F33: =IFERROR(1*INDEX(Annual!$F:$F, MATCH($B$2&"|"&$A33, Annual!$K:$K, 0)), NA()) | G33: =IFERROR(1*INDEX(Annual!$G:$G, MATCH($B$2&"|"&$A33, Annual!$K:$K, 0)), NA()) | H33: =IF($B$5<>"USD",IFERROR(1*INDEX(Annual!$E:$E, MATCH($B$2&"|"&$B$3&"|"&$A33, Annual!$J:$J, 0)), NA()),"") | I33: =IF($B$5<>"USD",IFERROR(1*INDEX(Annual!$N:$N, MATCH($B$2&"|"&$B$3&"|"&$A33, Annual!$J:$J, 0)), NA()),"") | J33: =IFERROR(1*INDEX(Annual!$Q:$Q, MATCH($B$2&"|"&$A33, Annual!$K:$K, 0)), NA()) | K33: =IF($B$5<>"USD",IFERROR(1*INDEX(Annual!$O:$O, MATCH($B$2&"|"&$B$3&"|"&$A33, Annual!$J:$J, 0)), NA()),"")
A34: 2026 (Proj GDP / ETF YTD) | B34: =IFERROR(1*INDEX(Annual!$H:$H, MATCH($B$2&"|"&2026, Annual!$K:$K, 0)), NA()) | C34: =IFERROR(1*INDEX(ETF_Timeframes!$H:$H, MATCH($B$2&"|"&$B$3&"|YTD", ETF_Timeframes!$I:$I, 0)), NA()) | D34: =IF(AND(ISNUMBER(B34),ISNUMBER(C34),C34<>0),B34-C34,NA()) | F34: =IFERROR(1*INDEX(Annual!$F:$F, MATCH($B$2&"|"&2026, Annual!$K:$K, 0)), NA()) | G34: =IFERROR(1*INDEX(Annual!$G:$G, MATCH($B$2&"|"&2026, Annual!$K:$K, 0)), NA()) | H34: =IF($B$5<>"USD",IFERROR(1*INDEX(Annual!$E:$E, MATCH($B$2&"|"&$B$3&"|"&2026, Annual!$J:$J, 0)), NA()),"") | I34: =IF($B$5<>"USD",IFERROR(1*INDEX(Annual!$N:$N, MATCH($B$2&"|"&$B$3&"|"&2026, Annual!$J:$J, 0)), NA()),"") | J34: =IFERROR(1*INDEX(Annual!$Q:$Q, MATCH($B$2&"|"&2026, Annual!$K:$K, 0)), NA()) | K34: =IF($B$5<>"USD",IFERROR(1*INDEX(Annual!$O:$O, MATCH($B$2&"|"&$B$3&"|"&2026, Annual!$J:$J, 0)), NA()),"")
A35: * 2026 row: GDP is IMF projection; ETF is YTD return (USD).
A37: CAGR Comparison (%)
A38: Horizon | B38: Nominal GDP CAGR % (USD) | C38: ETF CAGR % (USD) | F38: Real GDP CAGR % | G38: Nominal GDP CAGR % (LCU)
A39: 3Y | B39: =IFERROR(1*INDEX(CAGR!$I:$I, MATCH($B$2&"|"&$A39, CAGR!$Q:$Q, 0)), NA()) | C39: =IFERROR(1*INDEX(CAGR!$F:$F, MATCH($B$2&"|"&$B$3&"|"&$A39, CAGR!$P:$P, 0)), NA()) | F39: =IFERROR(1*INDEX(CAGR!$G:$G, MATCH($B$2&"|"&$A39, CAGR!$Q:$Q, 0)), NA()) | G39: =IFERROR(1*INDEX(CAGR!$H:$H, MATCH($B$2&"|"&$A39, CAGR!$Q:$Q, 0)), NA())
A40: 5Y | B40: =IFERROR(1*INDEX(CAGR!$I:$I, MATCH($B$2&"|"&$A40, CAGR!$Q:$Q, 0)), NA()) | C40: =IFERROR(1*INDEX(CAGR!$F:$F, MATCH($B$2&"|"&$B$3&"|"&$A40, CAGR!$P:$P, 0)), NA()) | F40: =IFERROR(1*INDEX(CAGR!$G:$G, MATCH($B$2&"|"&$A40, CAGR!$Q:$Q, 0)), NA()) | G40: =IFERROR(1*INDEX(CAGR!$H:$H, MATCH($B$2&"|"&$A40, CAGR!$Q:$Q, 0)), NA())
A41: 10Y | B41: =IFERROR(1*INDEX(CAGR!$I:$I, MATCH($B$2&"|"&$A41, CAGR!$Q:$Q, 0)), NA()) | C41: =IFERROR(1*INDEX(CAGR!$F:$F, MATCH($B$2&"|"&$B$3&"|"&$A41, CAGR!$P:$P, 0)), NA()) | F41: =IFERROR(1*INDEX(CAGR!$G:$G, MATCH($B$2&"|"&$A41, CAGR!$Q:$Q, 0)), NA()) | G41: =IFERROR(1*INDEX(CAGR!$H:$H, MATCH($B$2&"|"&$A41, CAGR!$Q:$Q, 0)), NA())

Sheet MSCI
A1: Country | B1: 1Y | C1: 3Y | D1: 5Y | E1: 10Y | F1: Factsheet Link
A2: United States | B2: 0.1657 | C2: 0.2179 | D2: 0.1358 | E2: 0.1549
A3: Japan | B3: 0.4447 | C3: 0.2298 | D3: 0.1005 | E3: 0.1085
A4: United Kingdom | B4: 0.3711 | C4: 0.1974 | D4: 0.1488 | E4: 0.0973
A5: Canada | B5: 0.4297 | C5: 0.2289 | D5: 0.1561 | E5: 0.1354
A6: China | B6: 0.1493 | C6: 0.1128 | D6: -0.0446 | E6: 0.0729
A7: Taiwan | B7: 0.7742 | C7: 0.4079 | D7: 0.2019 | E7: 0.2275
A8: France | B8: 0.2481 | C8: 0.1307 | D8: 0.1071 | E8: 0.112
A9: Switzerland | B9: 0.3089 | C9: 0.1823 | D9: 0.1192 | E9: 0.1174
A10: South Korea | B10: 1.9602 | C10: 0.4187 | D10: 0.1397 | E10: 0.1615
A11: Germany | B11: 0.2607 | C11: 0.2138 | D11: 0.1033 | E11: 0.1014
A12: India | B12: 0.1314 | C12: 0.1391 | D12: 0.093 | E12: 0.1139
A13: Australia | B13: 0.3095 | C13: 0.1407 | D13: 0.0921 | E13: 0.1082
... A56: Ukraine | B56: 0.0591 | C56: 0.156 | D56: -0.0939 | E56: -0.0293
